Pipe,From,To,Chainage in pipe (m),Ground (m),HGL (m),Pressure (m),Working pressure incl. static (m),PN working,PN incl. surge
ABSTRACTION,MOMBA_RIVER,MOMBA_INTAKE,0.0,1359.0,1361.0,2.0,5.5,10,10
ABSTRACTION,MOMBA_RIVER,MOMBA_INTAKE,100.0,1358.8,1360.822,2.022,5.7,10,10
LL_DELIVERY,MOMBA_INTAKE,GRIT_TANK,0.0,1364.74,1369.053,4.313,4.313,10,10
LL_DELIVERY,MOMBA_INTAKE,GRIT_TANK,30.0,1364.74,1369.0,4.26,4.26,10,10
RAW_MAIN,GRIT_TANK,MOMBA_WTP,0.0,1364.74,1380.922,16.182,16.182,10,10
RAW_MAIN,GRIT_TANK,MOMBA_WTP,129.83,1364.67,1380.69,16.02,16.02,10,10
RAW_MAIN,GRIT_TANK,MOMBA_WTP,179.83,1364.82,1380.601,15.781,15.781,10,10
RAW_MAIN,GRIT_TANK,MOMBA_WTP,229.83,1364.88,1380.512,15.632,15.632,10,10
RAW_MAIN,GRIT_TANK,MOMBA_WTP,279.83,1365.01,1380.423,15.413,15.413,10,10
RAW_MAIN,GRIT_TANK,MOMBA_WTP,329.83,1365.13,1380.334,15.204,15.204,10,10
RAW_MAIN,GRIT_TANK,MOMBA_WTP,379.84,1366.17,1380.245,14.075,14.075,10,10
RAW_MAIN,GRIT_TANK,MOMBA_WTP,429.85,1367.22,1380.156,12.936,12.936,10,10
RAW_MAIN,GRIT_TANK,MOMBA_WTP,479.88,1368.97,1380.067,11.097,11.097,10,10
RAW_MAIN,GRIT_TANK,MOMBA_WTP,529.89,1370.0,1379.977,9.977,9.977,10,10
RAW_MAIN,GRIT_TANK,MOMBA_WTP,578.45,1371.27,1379.891,8.621,8.621,10,10
RAW_MAIN,GRIT_TANK,MOMBA_WTP,628.45,1370.79,1379.802,9.012,9.012,10,10
RAW_MAIN,GRIT_TANK,MOMBA_WTP,678.45,1371.15,1379.713,8.563,8.563,10,10
RAW_MAIN,GRIT_TANK,MOMBA_WTP,728.45,1371.17,1379.624,8.454,8.454,10,10
RAW_MAIN,GRIT_TANK,MOMBA_WTP,778.45,1371.23,1379.535,8.305,8.305,10,10
RAW_MAIN,GRIT_TANK,MOMBA_WTP,828.45,1370.98,1379.445,8.465,8.465,10,10
RAW_MAIN,GRIT_TANK,MOMBA_WTP,878.45,1370.9,1379.356,8.456,8.456,10,10
RAW_MAIN,GRIT_TANK,MOMBA_WTP,928.46,1370.64,1379.267,8.627,8.627,10,10
RAW_MAIN,GRIT_TANK,MOMBA_WTP,978.46,1370.39,1379.178,8.788,8.788,10,10
RAW_MAIN,GRIT_TANK,MOMBA_WTP,1028.46,1370.73,1379.089,8.359,8.359,10,10
RAW_MAIN,GRIT_TANK,MOMBA_WTP,1078.46,1371.0,1379.0,8.0,8.0,10,10
WTP_IKANA_RM,MOMBA_WTP,IKANA_GBR,0.0,1371.0,1699.632,328.632,328.632,40,40
WTP_IKANA_RM,MOMBA_WTP,IKANA_GBR,50.01,1372.01,1699.555,327.545,327.545,40,40
WTP_IKANA_RM,MOMBA_WTP,IKANA_GBR,100.02,1372.9,1699.477,326.577,326.577,40,40
WTP_IKANA_RM,MOMBA_WTP,IKANA_GBR,150.03,1374.05,1699.399,325.349,325.349,40,40
WTP_IKANA_RM,MOMBA_WTP,IKANA_GBR,200.04,1375.12,1699.321,324.201,324.201,40,40
WTP_IKANA_RM,MOMBA_WTP,IKANA_GBR,250.05,1375.96,1699.243,323.283,323.283,40,40
WTP_IKANA_RM,MOMBA_WTP,IKANA_GBR,300.08,1377.59,1699.165,321.575,321.575,40,40
WTP_IKANA_RM,MOMBA_WTP,IKANA_GBR,350.09,1378.75,1699.087,320.337,320.337,40,40
WTP_IKANA_RM,MOMBA_WTP,IKANA_GBR,400.12,1380.43,1699.009,318.579,318.579,40,40
WTP_IKANA_RM,MOMBA_WTP,IKANA_GBR,450.15,1382.17,1698.931,316.761,316.761,40,40
WTP_IKANA_RM,MOMBA_WTP,IKANA_GBR,500.16,1383.17,1698.853,315.683,315.683,40,40
WTP_IKANA_RM,MOMBA_WTP,IKANA_GBR,550.19,1385.0,1698.775,313.775,313.775,40,40
WTP_IKANA_RM,MOMBA_WTP,IKANA_GBR,600.21,1386.44,1698.698,312.258,312.258,40,40
WTP_IKANA_RM,MOMBA_WTP,IKANA_GBR,650.22,1387.52,1698.62,311.1,311.1,40,40
WTP_IKANA_RM,MOMBA_WTP,IKANA_GBR,700.24,1388.6,1698.542,309.942,309.942,40,40
WTP_IKANA_RM,MOMBA_WTP,IKANA_GBR,750.24,1389.38,1698.464,309.084,309.084,40,40
WTP_IKANA_RM,MOMBA_WTP,IKANA_GBR,800.24,1389.77,1698.386,308.616,308.616,40,40
WTP_IKANA_RM,MOMBA_WTP,IKANA_GBR,850.24,1389.84,1698.308,308.468,308.468,40,40
WTP_IKANA_RM,MOMBA_WTP,IKANA_GBR,900.24,1389.5,1698.23,308.73,308.73,40,40
WTP_IKANA_RM,MOMBA_WTP,IKANA_GBR,950.25,1389.24,1698.152,308.912,308.912,40,40
WTP_IKANA_RM,MOMBA_WTP,IKANA_GBR,1000.25,1388.74,1698.074,309.334,309.334,40,40
WTP_IKANA_RM,MOMBA_WTP,IKANA_GBR,1050.25,1388.11,1697.997,309.887,309.887,40,40
WTP_IKANA_RM,MOMBA_WTP,IKANA_GBR,1100.26,1387.29,1697.919,310.629,310.629,40,40
WTP_IKANA_RM,MOMBA_WTP,IKANA_GBR,1150.26,1387.02,1697.841,310.821,310.821,40,40
WTP_IKANA_RM,MOMBA_WTP,IKANA_GBR,1200.26,1386.79,1697.763,310.973,310.973,40,40
WTP_IKANA_RM,MOMBA_WTP,IKANA_GBR,1250.26,1387.43,1697.685,310.255,310.255,40,40
WTP_IKANA_RM,MOMBA_WTP,IKANA_GBR,1300.28,1388.49,1697.607,309.117,309.117,40,40
WTP_IKANA_RM,MOMBA_WTP,IKANA_GBR,1350.28,1389.31,1697.529,308.219,308.219,40,40
WTP_IKANA_RM,MOMBA_WTP,IKANA_GBR,1400.3,1390.69,1697.451,306.761,306.761,40,40
WTP_IKANA_RM,MOMBA_WTP,IKANA_GBR,1450.32,1392.04,1697.373,305.333,305.333,30,40
WTP_IKANA_RM,MOMBA_WTP,IKANA_GBR,1500.35,1393.79,1697.295,303.505,303.505,30,40
WTP_IKANA_RM,MOMBA_WTP,IKANA_GBR,1550.39,1395.68,1697.217,301.537,301.537,30,40
WTP_IKANA_RM,MOMBA_WTP,IKANA_GBR,1600.4,1396.97,1697.14,300.17,300.17,30,40
WTP_IKANA_RM,MOMBA_WTP,IKANA_GBR,1650.41,1397.78,1697.062,299.282,299.282,30,40
WTP_IKANA_RM,MOMBA_WTP,IKANA_GBR,1700.42,1398.63,1696.984,298.354,298.354,30,40
WTP_IKANA_RM,MOMBA_WTP,IKANA_GBR,1750.42,1399.51,1696.906,297.396,297.396,30,40
WTP_IKANA_RM,MOMBA_WTP,IKANA_GBR,1800.43,1400.08,1696.828,296.748,296.748,30,40
WTP_IKANA_RM,MOMBA_WTP,IKANA_GBR,1850.44,1401.31,1696.75,295.44,295.44,30,40
WTP_IKANA_RM,MOMBA_WTP,IKANA_GBR,1886.63,1402.51,1696.694,294.184,294.184,30,40
WTP_IKANA_RM,MOMBA_WTP,IKANA_GBR,1936.63,1402.65,1696.616,293.966,293.966,30,40
WTP_IKANA_RM,MOMBA_WTP,IKANA_GBR,1986.66,1400.99,1696.538,295.548,295.548,30,40
WTP_IKANA_RM,MOMBA_WTP,IKANA_GBR,2036.66,1401.54,1696.46,294.92,294.92,30,40
WTP_IKANA_RM,MOMBA_WTP,IKANA_GBR,2086.68,1402.89,1696.382,293.492,293.492,30,40
WTP_IKANA_RM,MOMBA_WTP,IKANA_GBR,2136.7,1404.29,1696.304,292.014,292.014,30,40
WTP_IKANA_RM,MOMBA_WTP,IKANA_GBR,2186.73,1405.93,1696.226,290.296,290.296,30,40
WTP_IKANA_RM,MOMBA_WTP,IKANA_GBR,2236.7,1405.11,1696.148,291.038,291.038,30,40
WTP_IKANA_RM,MOMBA_WTP,IKANA_GBR,2339.16,1405.27,1695.989,290.719,290.719,30,40
WTP_IKANA_RM,MOMBA_WTP,IKANA_GBR,2389.16,1404.8,1695.911,291.111,291.111,30,40
WTP_IKANA_RM,MOMBA_WTP,IKANA_GBR,2439.25,1401.84,1695.833,293.993,293.993,30,40
WTP_IKANA_RM,MOMBA_WTP,IKANA_GBR,2489.25,1402.02,1695.755,293.735,293.735,30,40
WTP_IKANA_RM,MOMBA_WTP,IKANA_GBR,2539.26,1402.55,1695.677,293.127,293.127,30,40
WTP_IKANA_RM,MOMBA_WTP,IKANA_GBR,2589.26,1402.6,1695.599,292.999,292.999,30,40
WTP_IKANA_RM,MOMBA_WTP,IKANA_GBR,2626.71,1401.77,1695.541,293.771,293.771,30,40
WTP_IKANA_RM,MOMBA_WTP,IKANA_GBR,2676.72,1402.66,1695.463,292.803,292.803,30,40
WTP_IKANA_RM,MOMBA_WTP,IKANA_GBR,2726.72,1403.04,1695.385,292.345,292.345,30,40
WTP_IKANA_RM,MOMBA_WTP,IKANA_GBR,2776.74,1404.15,1695.307,291.157,291.157,30,40
WTP_IKANA_RM,MOMBA_WTP,IKANA_GBR,2826.74,1404.68,1695.229,290.549,290.549,30,40
WTP_IKANA_RM,MOMBA_WTP,IKANA_GBR,2876.75,1405.59,1695.151,289.561,289.561,30,40
WTP_IKANA_RM,MOMBA_WTP,IKANA_GBR,2926.75,1405.78,1695.074,289.294,289.294,30,40
WTP_IKANA_RM,MOMBA_WTP,IKANA_GBR,2976.75,1406.4,1694.996,288.596,288.596,30,40
WTP_IKANA_RM,MOMBA_WTP,IKANA_GBR,3026.75,1406.68,1694.918,288.238,288.238,30,40
WTP_IKANA_RM,MOMBA_WTP,IKANA_GBR,3076.76,1407.39,1694.84,287.45,287.45,30,40
WTP_IKANA_RM,MOMBA_WTP,IKANA_GBR,3126.76,1408.13,1694.762,286.632,286.632,30,40
WTP_IKANA_RM,MOMBA_WTP,IKANA_GBR,3176.77,1409.05,1694.684,285.634,285.634,30,40
WTP_IKANA_RM,MOMBA_WTP,IKANA_GBR,3226.78,1409.67,1694.606,284.936,284.936,30,40
WTP_IKANA_RM,MOMBA_WTP,IKANA_GBR,3276.78,1410.26,1694.528,284.268,284.268,30,40
WTP_IKANA_RM,MOMBA_WTP,IKANA_GBR,3326.79,1411.08,1694.45,283.37,283.37,30,40
WTP_IKANA_RM,MOMBA_WTP,IKANA_GBR,3376.79,1411.75,1694.373,282.623,282.623,30,40
WTP_IKANA_RM,MOMBA_WTP,IKANA_GBR,3426.79,1412.23,1694.295,282.065,282.065,30,40
WTP_IKANA_RM,MOMBA_WTP,IKANA_GBR,3476.8,1413.05,1694.217,281.167,281.167,30,40
WTP_IKANA_RM,MOMBA_WTP,IKANA_GBR,3526.8,1413.48,1694.139,280.659,280.659,30,40
WTP_IKANA_RM,MOMBA_WTP,IKANA_GBR,3576.14,1413.95,1694.062,280.112,280.112,30,40
WTP_IKANA_RM,MOMBA_WTP,IKANA_GBR,3626.14,1414.31,1693.984,279.674,279.674,30,40
WTP_IKANA_RM,MOMBA_WTP,IKANA_GBR,3676.14,1414.28,1693.906,279.626,279.626,30,40
WTP_IKANA_RM,MOMBA_WTP,IKANA_GBR,3726.15,1413.98,1693.828,279.848,279.848,30,40
WTP_IKANA_RM,MOMBA_WTP,IKANA_GBR,3776.15,1413.46,1693.751,280.291,280.291,30,40
WTP_IKANA_RM,MOMBA_WTP,IKANA_GBR,3826.15,1412.93,1693.673,280.743,280.743,30,40
WTP_IKANA_RM,MOMBA_WTP,IKANA_GBR,3876.16,1412.1,1693.595,281.495,281.495,30,40
WTP_IKANA_RM,MOMBA_WTP,IKANA_GBR,3926.16,1411.51,1693.517,282.007,282.007,30,40
WTP_IKANA_RM,MOMBA_WTP,IKANA_GBR,3976.17,1410.54,1693.439,282.899,282.899,30,40
WTP_IKANA_RM,MOMBA_WTP,IKANA_GBR,4026.18,1409.63,1693.361,283.731,283.731,30,40
WTP_IKANA_RM,MOMBA_WTP,IKANA_GBR,4076.19,1408.78,1693.283,284.503,284.503,30,40
WTP_IKANA_RM,MOMBA_WTP,IKANA_GBR,4126.19,1408.32,1693.205,284.885,284.885,30,40
WTP_IKANA_RM,MOMBA_WTP,IKANA_GBR,4176.2,1407.09,1693.127,286.037,286.037,30,40
WTP_IKANA_RM,MOMBA_WTP,IKANA_GBR,4226.21,1406.2,1693.049,286.849,286.849,30,40
WTP_IKANA_RM,MOMBA_WTP,IKANA_GBR,4276.22,1405.56,1692.972,287.412,287.412,30,40
WTP_IKANA_RM,MOMBA_WTP,IKANA_GBR,4326.23,1404.46,1692.894,288.434,288.434,30,40
WTP_IKANA_RM,MOMBA_WTP,IKANA_GBR,4376.23,1403.9,1692.816,288.916,288.916,30,40
WTP_IKANA_RM,MOMBA_WTP,IKANA_GBR,4426.23,1403.38,1692.738,289.358,289.358,30,40
WTP_IKANA_RM,MOMBA_WTP,IKANA_GBR,4476.23,1403.55,1692.66,289.11,289.11,30,40
WTP_IKANA_RM,MOMBA_WTP,IKANA_GBR,4526.23,1403.36,1692.582,289.222,289.222,30,40
WTP_IKANA_RM,MOMBA_WTP,IKANA_GBR,4576.23,1403.46,1692.504,289.044,289.044,30,40
WTP_IKANA_RM,MOMBA_WTP,IKANA_GBR,4626.23,1403.69,1692.426,288.736,288.736,30,40
WTP_IKANA_RM,MOMBA_WTP,IKANA_GBR,4676.23,1403.7,1692.348,288.648,288.648,30,40
WTP_IKANA_RM,MOMBA_WTP,IKANA_GBR,4726.23,1403.9,1692.271,288.371,288.371,30,40
WTP_IKANA_RM,MOMBA_WTP,IKANA_GBR,4776.24,1404.19,1692.193,288.003,288.003,30,40
WTP_IKANA_RM,MOMBA_WTP,IKANA_GBR,4826.25,1405.34,1692.115,286.775,286.775,30,40
WTP_IKANA_RM,MOMBA_WTP,IKANA_GBR,4876.25,1404.6,1692.037,287.437,287.437,30,40
WTP_IKANA_RM,MOMBA_WTP,IKANA_GBR,4926.25,1404.59,1691.959,287.369,287.369,30,40
WTP_IKANA_RM,MOMBA_WTP,IKANA_GBR,4976.25,1404.69,1691.881,287.191,287.191,30,40
WTP_IKANA_RM,MOMBA_WTP,IKANA_GBR,5026.25,1404.94,1691.803,286.863,286.863,30,40
WTP_IKANA_RM,MOMBA_WTP,IKANA_GBR,5076.26,1405.33,1691.725,286.395,286.395,30,40
WTP_IKANA_RM,MOMBA_WTP,IKANA_GBR,5126.26,1405.79,1691.647,285.857,285.857,30,40
WTP_IKANA_RM,MOMBA_WTP,IKANA_GBR,5176.26,1406.25,1691.57,285.32,285.32,30,40
WTP_IKANA_RM,MOMBA_WTP,IKANA_GBR,5226.26,1406.59,1691.492,284.902,284.902,30,40
WTP_IKANA_RM,MOMBA_WTP,IKANA_GBR,5276.26,1406.98,1691.414,284.434,284.434,30,40
WTP_IKANA_RM,MOMBA_WTP,IKANA_GBR,5326.27,1407.78,1691.336,283.556,283.556,30,40
WTP_IKANA_RM,MOMBA_WTP,IKANA_GBR,5376.27,1408.42,1691.258,282.838,282.838,30,40
WTP_IKANA_RM,MOMBA_WTP,IKANA_GBR,5426.28,1409.06,1691.18,282.12,282.12,30,40
WTP_IKANA_RM,MOMBA_WTP,IKANA_GBR,5476.28,1409.5,1691.102,281.602,281.602,30,40
WTP_IKANA_RM,MOMBA_WTP,IKANA_GBR,5526.28,1410.11,1691.024,280.914,280.914,30,40
WTP_IKANA_RM,MOMBA_WTP,IKANA_GBR,5576.29,1410.65,1690.946,280.296,280.296,30,40
WTP_IKANA_RM,MOMBA_WTP,IKANA_GBR,5626.29,1411.08,1690.869,279.789,279.789,30,40
WTP_IKANA_RM,MOMBA_WTP,IKANA_GBR,5676.29,1411.84,1690.791,278.951,278.951,30,40
WTP_IKANA_RM,MOMBA_WTP,IKANA_GBR,5726.3,1412.59,1690.713,278.123,278.123,30,40
WTP_IKANA_RM,MOMBA_WTP,IKANA_GBR,5776.3,1412.85,1690.635,277.785,277.785,30,40
WTP_IKANA_RM,MOMBA_WTP,IKANA_GBR,5826.31,1413.9,1690.557,276.657,276.657,30,40
WTP_IKANA_RM,MOMBA_WTP,IKANA_GBR,5876.31,1414.06,1690.479,276.419,276.419,30,40
WTP_IKANA_RM,MOMBA_WTP,IKANA_GBR,5926.32,1414.97,1690.401,275.431,275.431,30,30
WTP_IKANA_RM,MOMBA_WTP,IKANA_GBR,5976.32,1415.46,1690.323,274.863,274.863,30,30
WTP_IKANA_RM,MOMBA_WTP,IKANA_GBR,6026.35,1417.17,1690.245,273.075,273.075,30,30
WTP_IKANA_RM,MOMBA_WTP,IKANA_GBR,6076.35,1416.66,1690.168,273.508,273.508,30,30
WTP_IKANA_RM,MOMBA_WTP,IKANA_GBR,6126.36,1417.27,1690.09,272.82,272.82,30,30
WTP_IKANA_RM,MOMBA_WTP,IKANA_GBR,6176.36,1418.05,1690.012,271.962,271.962,30,30
WTP_IKANA_RM,MOMBA_WTP,IKANA_GBR,6226.37,1418.72,1689.934,271.214,271.214,30,30
WTP_IKANA_RM,MOMBA_WTP,IKANA_GBR,6276.37,1419.06,1689.856,270.796,270.796,30,30
WTP_IKANA_RM,MOMBA_WTP,IKANA_GBR,6326.38,1419.79,1689.778,269.988,269.988,30,30
WTP_IKANA_RM,MOMBA_WTP,IKANA_GBR,6376.38,1420.39,1689.7,269.31,269.31,30,30
WTP_IKANA_RM,MOMBA_WTP,IKANA_GBR,6426.38,1420.74,1689.622,268.882,268.882,30,30
WTP_IKANA_RM,MOMBA_WTP,IKANA_GBR,6476.38,1421.18,1689.544,268.364,268.364,30,30
WTP_IKANA_RM,MOMBA_WTP,IKANA_GBR,6526.39,1421.83,1689.467,267.637,267.637,30,30
WTP_IKANA_RM,MOMBA_WTP,IKANA_GBR,6576.39,1421.96,1689.389,267.429,267.429,30,30
WTP_IKANA_RM,MOMBA_WTP,IKANA_GBR,6626.39,1421.89,1689.311,267.421,267.421,30,30
WTP_IKANA_RM,MOMBA_WTP,IKANA_GBR,6676.39,1422.77,1689.233,266.463,266.463,30,30
WTP_IKANA_RM,MOMBA_WTP,IKANA_GBR,6726.39,1422.64,1689.155,266.515,266.515,30,30
WTP_IKANA_RM,MOMBA_WTP,IKANA_GBR,6776.4,1423.08,1689.077,265.997,265.997,30,30
WTP_IKANA_RM,MOMBA_WTP,IKANA_GBR,6826.4,1423.47,1688.999,265.529,265.529,30,30
WTP_IKANA_RM,MOMBA_WTP,IKANA_GBR,6876.4,1423.64,1688.921,265.281,265.281,30,30
WTP_IKANA_RM,MOMBA_WTP,IKANA_GBR,6926.4,1423.57,1688.843,265.273,265.273,30,30
WTP_IKANA_RM,MOMBA_WTP,IKANA_GBR,6976.4,1423.7,1688.766,265.066,265.066,30,30
WTP_IKANA_RM,MOMBA_WTP,IKANA_GBR,7026.4,1423.25,1688.688,265.438,265.438,30,30
WTP_IKANA_RM,MOMBA_WTP,IKANA_GBR,7076.4,1423.39,1688.61,265.22,265.22,30,30
WTP_IKANA_RM,MOMBA_WTP,IKANA_GBR,7126.4,1423.56,1688.532,264.972,264.972,30,30
WTP_IKANA_RM,MOMBA_WTP,IKANA_GBR,7176.4,1423.39,1688.454,265.064,265.064,30,30
WTP_IKANA_RM,MOMBA_WTP,IKANA_GBR,7226.4,1423.65,1688.376,264.726,264.726,30,30
WTP_IKANA_RM,MOMBA_WTP,IKANA_GBR,7276.41,1422.8,1688.298,265.498,265.498,30,30
WTP_IKANA_RM,MOMBA_WTP,IKANA_GBR,7326.41,1423.4,1688.22,264.82,264.82,30,30
WTP_IKANA_RM,MOMBA_WTP,IKANA_GBR,7376.41,1423.48,1688.143,264.663,264.663,30,30
WTP_IKANA_RM,MOMBA_WTP,IKANA_GBR,7426.42,1424.12,1688.065,263.945,263.945,30,30
WTP_IKANA_RM,MOMBA_WTP,IKANA_GBR,7476.42,1424.7,1687.987,263.287,263.287,30,30
WTP_IKANA_RM,MOMBA_WTP,IKANA_GBR,7526.42,1424.9,1687.909,263.009,263.009,30,30
WTP_IKANA_RM,MOMBA_WTP,IKANA_GBR,7576.43,1425.69,1687.831,262.141,262.141,30,30
WTP_IKANA_RM,MOMBA_WTP,IKANA_GBR,7626.43,1425.77,1687.753,261.983,261.983,30,30
WTP_IKANA_RM,MOMBA_WTP,IKANA_GBR,7676.43,1426.03,1687.675,261.645,261.645,30,30
WTP_IKANA_RM,MOMBA_WTP,IKANA_GBR,7726.43,1426.72,1687.597,260.877,260.877,30,30
WTP_IKANA_RM,MOMBA_WTP,IKANA_GBR,7776.43,1426.58,1687.519,260.939,260.939,30,30
WTP_IKANA_RM,MOMBA_WTP,IKANA_GBR,7826.43,1426.97,1687.442,260.472,260.472,30,30
WTP_IKANA_RM,MOMBA_WTP,IKANA_GBR,7876.43,1427.03,1687.364,260.334,260.334,30,30
WTP_IKANA_RM,MOMBA_WTP,IKANA_GBR,7926.43,1427.27,1687.286,260.016,260.016,30,30
WTP_IKANA_RM,MOMBA_WTP,IKANA_GBR,7976.43,1427.15,1687.208,260.058,260.058,30,30
WTP_IKANA_RM,MOMBA_WTP,IKANA_GBR,8026.44,1427.45,1687.13,259.68,259.68,30,30
WTP_IKANA_RM,MOMBA_WTP,IKANA_GBR,8076.44,1428.24,1687.052,258.812,258.812,30,30
WTP_IKANA_RM,MOMBA_WTP,IKANA_GBR,8126.44,1428.27,1686.974,258.704,258.704,30,30
WTP_IKANA_RM,MOMBA_WTP,IKANA_GBR,8176.45,1427.69,1686.896,259.206,259.206,30,30
WTP_IKANA_RM,MOMBA_WTP,IKANA_GBR,8226.45,1427.74,1686.818,259.078,259.078,30,30
WTP_IKANA_RM,MOMBA_WTP,IKANA_GBR,8276.45,1427.57,1686.741,259.171,259.171,30,30
WTP_IKANA_RM,MOMBA_WTP,IKANA_GBR,8326.45,1427.89,1686.663,258.773,258.773,30,30
WTP_IKANA_RM,MOMBA_WTP,IKANA_GBR,8376.45,1428.06,1686.585,258.525,258.525,30,30
WTP_IKANA_RM,MOMBA_WTP,IKANA_GBR,8426.45,1427.16,1686.507,259.347,259.347,30,30
WTP_IKANA_RM,MOMBA_WTP,IKANA_GBR,8476.46,1426.83,1686.429,259.599,259.599,30,30
WTP_IKANA_RM,MOMBA_WTP,IKANA_GBR,8526.46,1426.43,1686.351,259.921,259.921,30,30
WTP_IKANA_RM,MOMBA_WTP,IKANA_GBR,8576.46,1426.23,1686.273,260.043,260.043,30,30
WTP_IKANA_RM,MOMBA_WTP,IKANA_GBR,8626.46,1426.05,1686.195,260.145,260.145,30,30
WTP_IKANA_RM,MOMBA_WTP,IKANA_GBR,8676.46,1426.39,1686.117,259.727,259.727,30,30
WTP_IKANA_RM,MOMBA_WTP,IKANA_GBR,8726.46,1425.84,1686.04,260.2,260.2,30,30
WTP_IKANA_RM,MOMBA_WTP,IKANA_GBR,8776.46,1425.88,1685.962,260.082,260.082,30,30
WTP_IKANA_RM,MOMBA_WTP,IKANA_GBR,8826.46,1426.15,1685.884,259.734,259.734,30,30
WTP_IKANA_RM,MOMBA_WTP,IKANA_GBR,8876.46,1426.03,1685.806,259.776,259.776,30,30
WTP_IKANA_RM,MOMBA_WTP,IKANA_GBR,8926.47,1426.51,1685.728,259.218,259.218,30,30
WTP_IKANA_RM,MOMBA_WTP,IKANA_GBR,8976.47,1426.9,1685.65,258.75,258.75,30,30
WTP_IKANA_RM,MOMBA_WTP,IKANA_GBR,9026.47,1427.66,1685.572,257.912,257.912,30,30
WTP_IKANA_RM,MOMBA_WTP,IKANA_GBR,9076.48,1428.35,1685.494,257.144,257.144,30,30
WTP_IKANA_RM,MOMBA_WTP,IKANA_GBR,9126.48,1428.51,1685.416,256.906,256.906,30,30
WTP_IKANA_RM,MOMBA_WTP,IKANA_GBR,9176.48,1428.35,1685.339,256.989,256.989,30,30
WTP_IKANA_RM,MOMBA_WTP,IKANA_GBR,9226.48,1428.71,1685.261,256.551,256.551,30,30
WTP_IKANA_RM,MOMBA_WTP,IKANA_GBR,9276.48,1429.01,1685.183,256.173,256.173,30,30
WTP_IKANA_RM,MOMBA_WTP,IKANA_GBR,9326.48,1429.25,1685.105,255.855,255.855,30,30
WTP_IKANA_RM,MOMBA_WTP,IKANA_GBR,9376.48,1429.13,1685.027,255.897,255.897,30,30
WTP_IKANA_RM,MOMBA_WTP,IKANA_GBR,9426.48,1429.03,1684.949,255.919,255.919,30,30
WTP_IKANA_RM,MOMBA_WTP,IKANA_GBR,9476.48,1428.88,1684.871,255.991,255.991,30,30
WTP_IKANA_RM,MOMBA_WTP,IKANA_GBR,9526.48,1429.06,1684.793,255.733,255.733,30,30
WTP_IKANA_RM,MOMBA_WTP,IKANA_GBR,9576.49,1428.15,1684.716,256.566,256.566,30,30
WTP_IKANA_RM,MOMBA_WTP,IKANA_GBR,9626.49,1427.77,1684.638,256.868,256.868,30,30
WTP_IKANA_RM,MOMBA_WTP,IKANA_GBR,9676.49,1428.09,1684.56,256.47,256.47,30,30
WTP_IKANA_RM,MOMBA_WTP,IKANA_GBR,9726.5,1427.23,1684.482,257.252,257.252,30,30
WTP_IKANA_RM,MOMBA_WTP,IKANA_GBR,9776.5,1426.89,1684.404,257.514,257.514,30,30
WTP_IKANA_RM,MOMBA_WTP,IKANA_GBR,9826.5,1426.77,1684.326,257.556,257.556,30,30
WTP_IKANA_RM,MOMBA_WTP,IKANA_GBR,9876.5,1426.65,1684.248,257.598,257.598,30,30
WTP_IKANA_RM,MOMBA_WTP,IKANA_GBR,9926.5,1426.47,1684.17,257.7,257.7,30,30
WTP_IKANA_RM,MOMBA_WTP,IKANA_GBR,9976.5,1425.99,1684.092,258.102,258.102,30,30
WTP_IKANA_RM,MOMBA_WTP,IKANA_GBR,10026.51,1425.61,1684.015,258.405,258.405,30,30
WTP_IKANA_RM,MOMBA_WTP,IKANA_GBR,10076.51,1425.95,1683.937,257.987,257.987,30,30
WTP_IKANA_RM,MOMBA_WTP,IKANA_GBR,10126.52,1424.67,1683.859,259.189,259.189,30,30
WTP_IKANA_RM,MOMBA_WTP,IKANA_GBR,10176.52,1424.81,1683.781,258.971,258.971,30,30
WTP_IKANA_RM,MOMBA_WTP,IKANA_GBR,10226.52,1424.48,1683.703,259.223,259.223,30,30
WTP_IKANA_RM,MOMBA_WTP,IKANA_GBR,10276.53,1423.71,1683.625,259.915,259.915,30,30
WTP_IKANA_RM,MOMBA_WTP,IKANA_GBR,10326.53,1423.42,1683.547,260.127,260.127,30,30
WTP_IKANA_RM,MOMBA_WTP,IKANA_GBR,10376.53,1423.0,1683.469,260.469,260.469,30,30
WTP_IKANA_RM,MOMBA_WTP,IKANA_GBR,10426.53,1423.28,1683.391,260.111,260.111,30,30
WTP_IKANA_RM,MOMBA_WTP,IKANA_GBR,10476.54,1422.28,1683.314,261.034,261.034,30,30
WTP_IKANA_RM,MOMBA_WTP,IKANA_GBR,10526.54,1421.97,1683.236,261.266,261.266,30,30
WTP_IKANA_RM,MOMBA_WTP,IKANA_GBR,10576.54,1421.75,1683.158,261.408,261.408,30,30
WTP_IKANA_RM,MOMBA_WTP,IKANA_GBR,10626.55,1421.54,1683.08,261.54,261.54,30,30
WTP_IKANA_RM,MOMBA_WTP,IKANA_GBR,10676.56,1420.28,1683.002,262.722,262.722,30,30
WTP_IKANA_RM,MOMBA_WTP,IKANA_GBR,10726.56,1420.3,1682.924,262.624,262.624,30,30
WTP_IKANA_RM,MOMBA_WTP,IKANA_GBR,10776.56,1420.32,1682.846,262.526,262.526,30,30
WTP_IKANA_RM,MOMBA_WTP,IKANA_GBR,10826.57,1419.32,1682.768,263.448,263.448,30,30
WTP_IKANA_RM,MOMBA_WTP,IKANA_GBR,10876.58,1418.7,1682.69,263.99,263.99,30,30
WTP_IKANA_RM,MOMBA_WTP,IKANA_GBR,10926.58,1418.62,1682.613,263.993,263.993,30,30
WTP_IKANA_RM,MOMBA_WTP,IKANA_GBR,10976.58,1418.38,1682.535,264.155,264.155,30,30
WTP_IKANA_RM,MOMBA_WTP,IKANA_GBR,11026.58,1418.34,1682.457,264.117,264.117,30,30
WTP_IKANA_RM,MOMBA_WTP,IKANA_GBR,11076.58,1418.02,1682.379,264.359,264.359,30,30
WTP_IKANA_RM,MOMBA_WTP,IKANA_GBR,11126.58,1417.9,1682.301,264.401,264.401,30,30
WTP_IKANA_RM,MOMBA_WTP,IKANA_GBR,11176.58,1417.64,1682.223,264.583,264.583,30,30
WTP_IKANA_RM,MOMBA_WTP,IKANA_GBR,11226.58,1417.24,1682.145,264.905,264.905,30,30
WTP_IKANA_RM,MOMBA_WTP,IKANA_GBR,11276.61,1415.45,1682.067,266.617,266.617,30,30
WTP_IKANA_RM,MOMBA_WTP,IKANA_GBR,11326.61,1414.94,1681.989,267.049,267.049,30,30
WTP_IKANA_RM,MOMBA_WTP,IKANA_GBR,11376.62,1415.95,1681.912,265.962,265.962,30,30
WTP_IKANA_RM,MOMBA_WTP,IKANA_GBR,11426.62,1415.82,1681.834,266.014,266.014,30,30
WTP_IKANA_RM,MOMBA_WTP,IKANA_GBR,11476.63,1415.31,1681.756,266.446,266.446,30,30
WTP_IKANA_RM,MOMBA_WTP,IKANA_GBR,11526.64,1416.52,1681.678,265.158,265.158,30,30
WTP_IKANA_RM,MOMBA_WTP,IKANA_GBR,11576.65,1417.49,1681.6,264.11,264.11,30,30
WTP_IKANA_RM,MOMBA_WTP,IKANA_GBR,11626.65,1417.51,1681.522,264.012,264.012,30,30
WTP_IKANA_RM,MOMBA_WTP,IKANA_GBR,11676.65,1417.23,1681.444,264.214,264.214,30,30
WTP_IKANA_RM,MOMBA_WTP,IKANA_GBR,11726.65,1417.17,1681.366,264.196,264.196,30,30
WTP_IKANA_RM,MOMBA_WTP,IKANA_GBR,11776.65,1417.72,1681.288,263.568,263.568,30,30
WTP_IKANA_RM,MOMBA_WTP,IKANA_GBR,11826.66,1418.09,1681.211,263.121,263.121,30,30
WTP_IKANA_RM,MOMBA_WTP,IKANA_GBR,11876.66,1417.25,1681.133,263.883,263.883,30,30
WTP_IKANA_RM,MOMBA_WTP,IKANA_GBR,11926.67,1417.78,1681.055,263.275,263.275,30,30
WTP_IKANA_RM,MOMBA_WTP,IKANA_GBR,11976.74,1420.44,1680.977,260.537,260.537,30,30
WTP_IKANA_RM,MOMBA_WTP,IKANA_GBR,12026.75,1421.72,1680.899,259.179,259.179,30,30
WTP_IKANA_RM,MOMBA_WTP,IKANA_GBR,12076.78,1423.22,1680.821,257.601,257.601,30,30
WTP_IKANA_RM,MOMBA_WTP,IKANA_GBR,12126.79,1424.25,1680.743,256.493,256.493,30,30
WTP_IKANA_RM,MOMBA_WTP,IKANA_GBR,12176.79,1425.08,1680.665,255.585,255.585,30,30
WTP_IKANA_RM,MOMBA_WTP,IKANA_GBR,12226.82,1426.69,1680.587,253.897,253.897,25,30
WTP_IKANA_RM,MOMBA_WTP,IKANA_GBR,12276.84,1428.13,1680.509,252.379,252.379,25,30
WTP_IKANA_RM,MOMBA_WTP,IKANA_GBR,12326.85,1428.99,1680.431,251.441,251.441,25,30
WTP_IKANA_RM,MOMBA_WTP,IKANA_GBR,12376.87,1430.55,1680.353,249.803,249.803,25,30
WTP_IKANA_RM,MOMBA_WTP,IKANA_GBR,12426.88,1431.23,1680.276,249.046,249.046,25,30
WTP_IKANA_RM,MOMBA_WTP,IKANA_GBR,12476.89,1432.37,1680.198,247.828,247.828,25,30
WTP_IKANA_RM,MOMBA_WTP,IKANA_GBR,12526.91,1433.74,1680.12,246.38,246.38,25,30
WTP_IKANA_RM,MOMBA_WTP,IKANA_GBR,12576.93,1435.2,1680.042,244.842,244.842,25,30
WTP_IKANA_RM,MOMBA_WTP,IKANA_GBR,12626.94,1436.22,1679.964,243.744,243.744,25,30
WTP_IKANA_RM,MOMBA_WTP,IKANA_GBR,12676.95,1437.44,1679.886,242.446,242.446,25,30
WTP_IKANA_RM,MOMBA_WTP,IKANA_GBR,12726.96,1438.16,1679.808,241.648,241.648,25,30
WTP_IKANA_RM,MOMBA_WTP,IKANA_GBR,12776.97,1439.03,1679.73,240.7,240.7,25,30
WTP_IKANA_RM,MOMBA_WTP,IKANA_GBR,12826.97,1439.64,1679.652,240.012,240.012,25,30
WTP_IKANA_RM,MOMBA_WTP,IKANA_GBR,12876.99,1440.96,1679.574,238.614,238.614,25,30
WTP_IKANA_RM,MOMBA_WTP,IKANA_GBR,12926.99,1441.15,1679.497,238.347,238.347,25,30
WTP_IKANA_RM,MOMBA_WTP,IKANA_GBR,12976.99,1441.81,1679.419,237.609,237.609,25,30
WTP_IKANA_RM,MOMBA_WTP,IKANA_GBR,13026.99,1442.14,1679.341,237.201,237.201,25,30
WTP_IKANA_RM,MOMBA_WTP,IKANA_GBR,13076.99,1442.31,1679.263,236.953,236.953,25,30
WTP_IKANA_RM,MOMBA_WTP,IKANA_GBR,13126.99,1442.32,1679.185,236.865,236.865,25,30
WTP_IKANA_RM,MOMBA_WTP,IKANA_GBR,13176.99,1442.36,1679.107,236.747,236.747,25,30
WTP_IKANA_RM,MOMBA_WTP,IKANA_GBR,13227.0,1441.84,1679.029,237.189,237.189,25,30
WTP_IKANA_RM,MOMBA_WTP,IKANA_GBR,13277.0,1441.69,1678.951,237.261,237.261,25,30
WTP_IKANA_RM,MOMBA_WTP,IKANA_GBR,13327.0,1441.43,1678.873,237.443,237.443,25,30
WTP_IKANA_RM,MOMBA_WTP,IKANA_GBR,13377.0,1441.47,1678.796,237.326,237.326,25,30
WTP_IKANA_RM,MOMBA_WTP,IKANA_GBR,13427.0,1440.83,1678.718,237.888,237.888,25,30
WTP_IKANA_RM,MOMBA_WTP,IKANA_GBR,13477.0,1440.64,1678.64,238.0,238.0,25,30
WTP_IKANA_RM,MOMBA_WTP,IKANA_GBR,13527.0,1440.34,1678.562,238.222,238.222,25,30
WTP_IKANA_RM,MOMBA_WTP,IKANA_GBR,13577.0,1440.22,1678.484,238.264,238.264,25,30
WTP_IKANA_RM,MOMBA_WTP,IKANA_GBR,13627.0,1440.03,1678.406,238.376,238.376,25,30
WTP_IKANA_RM,MOMBA_WTP,IKANA_GBR,13677.0,1440.06,1678.328,238.268,238.268,25,30
WTP_IKANA_RM,MOMBA_WTP,IKANA_GBR,13727.0,1440.22,1678.25,238.03,238.03,25,30
WTP_IKANA_RM,MOMBA_WTP,IKANA_GBR,13777.0,1440.46,1678.173,237.713,237.713,25,30
WTP_IKANA_RM,MOMBA_WTP,IKANA_GBR,13827.0,1440.44,1678.095,237.655,237.655,25,30
WTP_IKANA_RM,MOMBA_WTP,IKANA_GBR,13877.01,1441.15,1678.017,236.867,236.867,25,30
WTP_IKANA_RM,MOMBA_WTP,IKANA_GBR,13927.01,1441.24,1677.939,236.699,236.699,25,30
WTP_IKANA_RM,MOMBA_WTP,IKANA_GBR,13977.01,1441.44,1677.861,236.421,236.421,25,30
WTP_IKANA_RM,MOMBA_WTP,IKANA_GBR,14027.01,1441.63,1677.783,236.153,236.153,25,30
WTP_IKANA_RM,MOMBA_WTP,IKANA_GBR,14077.01,1441.87,1677.705,235.835,235.835,25,30
WTP_IKANA_RM,MOMBA_WTP,IKANA_GBR,14127.01,1442.42,1677.627,235.207,235.207,25,30
WTP_IKANA_RM,MOMBA_WTP,IKANA_GBR,14177.02,1442.94,1677.549,234.609,234.609,25,30
WTP_IKANA_RM,MOMBA_WTP,IKANA_GBR,14227.02,1443.46,1677.472,234.012,234.012,25,30
WTP_IKANA_RM,MOMBA_WTP,IKANA_GBR,14277.02,1443.63,1677.394,233.764,233.764,25,30
WTP_IKANA_RM,MOMBA_WTP,IKANA_GBR,14327.02,1444.33,1677.316,232.986,232.986,25,30
WTP_IKANA_RM,MOMBA_WTP,IKANA_GBR,14377.03,1445.0,1677.238,232.238,232.238,25,30
WTP_IKANA_RM,MOMBA_WTP,IKANA_GBR,14427.03,1445.26,1677.16,231.9,231.9,25,30
WTP_IKANA_RM,MOMBA_WTP,IKANA_GBR,14477.03,1445.77,1677.082,231.312,231.312,25,30
WTP_IKANA_RM,MOMBA_WTP,IKANA_GBR,14527.04,1446.46,1677.004,230.544,230.544,25,30
WTP_IKANA_RM,MOMBA_WTP,IKANA_GBR,14577.04,1446.76,1676.926,230.166,230.166,25,30
WTP_IKANA_RM,MOMBA_WTP,IKANA_GBR,14627.04,1447.02,1676.848,229.828,229.828,25,30
WTP_IKANA_RM,MOMBA_WTP,IKANA_GBR,14677.04,1447.51,1676.771,229.261,229.261,25,30
WTP_IKANA_RM,MOMBA_WTP,IKANA_GBR,14727.04,1447.56,1676.693,229.133,229.133,25,30
WTP_IKANA_RM,MOMBA_WTP,IKANA_GBR,14777.04,1447.95,1676.615,228.665,228.665,25,30
WTP_IKANA_RM,MOMBA_WTP,IKANA_GBR,14827.04,1447.64,1676.537,228.897,228.897,25,30
WTP_IKANA_RM,MOMBA_WTP,IKANA_GBR,14877.05,1448.17,1676.459,228.289,228.289,25,30
WTP_IKANA_RM,MOMBA_WTP,IKANA_GBR,14927.05,1448.38,1676.381,228.001,228.001,25,30
WTP_IKANA_RM,MOMBA_WTP,IKANA_GBR,14977.05,1448.59,1676.303,227.713,227.713,25,30
WTP_IKANA_RM,MOMBA_WTP,IKANA_GBR,15027.05,1448.66,1676.225,227.565,227.565,25,30
WTP_IKANA_RM,MOMBA_WTP,IKANA_GBR,15077.05,1449.23,1676.147,226.917,226.917,25,30
WTP_IKANA_RM,MOMBA_WTP,IKANA_GBR,15127.05,1448.92,1676.07,227.15,227.15,25,30
WTP_IKANA_RM,MOMBA_WTP,IKANA_GBR,15177.05,1448.93,1675.992,227.062,227.062,25,30
WTP_IKANA_RM,MOMBA_WTP,IKANA_GBR,15227.05,1449.41,1675.914,226.504,226.504,25,30
WTP_IKANA_RM,MOMBA_WTP,IKANA_GBR,15277.05,1449.59,1675.836,226.246,226.246,25,30
WTP_IKANA_RM,MOMBA_WTP,IKANA_GBR,15327.05,1449.61,1675.758,226.148,226.148,25,30
WTP_IKANA_RM,MOMBA_WTP,IKANA_GBR,15377.05,1449.5,1675.68,226.18,226.18,25,30
WTP_IKANA_RM,MOMBA_WTP,IKANA_GBR,15427.06,1449.84,1675.602,225.762,225.762,25,30
WTP_IKANA_RM,MOMBA_WTP,IKANA_GBR,15477.06,1449.91,1675.524,225.614,225.614,25,30
WTP_IKANA_RM,MOMBA_WTP,IKANA_GBR,15527.06,1450.57,1675.447,224.877,224.877,25,30
WTP_IKANA_RM,MOMBA_WTP,IKANA_GBR,15577.06,1449.94,1675.369,225.429,225.429,25,30
WTP_IKANA_RM,MOMBA_WTP,IKANA_GBR,15627.06,1450.01,1675.291,225.281,225.281,25,30
WTP_IKANA_RM,MOMBA_WTP,IKANA_GBR,15677.07,1450.47,1675.213,224.743,224.743,25,30
WTP_IKANA_RM,MOMBA_WTP,IKANA_GBR,15727.07,1450.34,1675.135,224.795,224.795,25,30
WTP_IKANA_RM,MOMBA_WTP,IKANA_GBR,15777.07,1450.79,1675.057,224.267,224.267,25,30
WTP_IKANA_RM,MOMBA_WTP,IKANA_GBR,15827.07,1450.82,1674.979,224.159,224.159,25,30
WTP_IKANA_RM,MOMBA_WTP,IKANA_GBR,15877.07,1450.87,1674.901,224.031,224.031,25,30
WTP_IKANA_RM,MOMBA_WTP,IKANA_GBR,15927.07,1451.29,1674.823,223.533,223.533,25,30
WTP_IKANA_RM,MOMBA_WTP,IKANA_GBR,15977.07,1451.42,1674.746,223.326,223.326,25,30
WTP_IKANA_RM,MOMBA_WTP,IKANA_GBR,16027.07,1451.53,1674.668,223.138,223.138,25,30
WTP_IKANA_RM,MOMBA_WTP,IKANA_GBR,16077.07,1451.77,1674.59,222.82,222.82,25,30
WTP_IKANA_RM,MOMBA_WTP,IKANA_GBR,16127.07,1451.63,1674.512,222.882,222.882,25,30
WTP_IKANA_RM,MOMBA_WTP,IKANA_GBR,16177.07,1451.7,1674.434,222.734,222.734,25,30
WTP_IKANA_RM,MOMBA_WTP,IKANA_GBR,16227.07,1451.75,1674.356,222.606,222.606,25,30
WTP_IKANA_RM,MOMBA_WTP,IKANA_GBR,16277.07,1451.7,1674.278,222.578,222.578,25,30
WTP_IKANA_RM,MOMBA_WTP,IKANA_GBR,16327.07,1451.11,1674.2,223.09,223.09,25,30
WTP_IKANA_RM,MOMBA_WTP,IKANA_GBR,16377.07,1451.1,1674.122,223.022,223.022,25,30
WTP_IKANA_RM,MOMBA_WTP,IKANA_GBR,16427.08,1450.29,1674.045,223.755,223.755,25,30
WTP_IKANA_RM,MOMBA_WTP,IKANA_GBR,16477.08,1450.0,1673.967,223.967,223.967,25,30
WTP_IKANA_RM,MOMBA_WTP,IKANA_GBR,16527.08,1449.6,1673.889,224.289,224.289,25,30
WTP_IKANA_RM,MOMBA_WTP,IKANA_GBR,16577.08,1449.54,1673.811,224.271,224.271,25,30
WTP_IKANA_RM,MOMBA_WTP,IKANA_GBR,16627.09,1449.08,1673.733,224.653,224.653,25,30
WTP_IKANA_RM,MOMBA_WTP,IKANA_GBR,16677.09,1449.72,1673.655,223.935,223.935,25,30
WTP_IKANA_RM,MOMBA_WTP,IKANA_GBR,16727.09,1450.14,1673.577,223.437,223.437,25,30
WTP_IKANA_RM,MOMBA_WTP,IKANA_GBR,16777.11,1451.55,1673.499,221.949,221.949,25,30
WTP_IKANA_RM,MOMBA_WTP,IKANA_GBR,16827.11,1451.04,1673.421,222.381,222.381,25,30
WTP_IKANA_RM,MOMBA_WTP,IKANA_GBR,16877.12,1451.93,1673.344,221.414,221.414,25,30
WTP_IKANA_RM,MOMBA_WTP,IKANA_GBR,16927.14,1453.14,1673.266,220.126,220.126,25,30
WTP_IKANA_RM,MOMBA_WTP,IKANA_GBR,16977.15,1454.05,1673.188,219.138,219.138,25,30
WTP_IKANA_RM,MOMBA_WTP,IKANA_GBR,17027.16,1455.31,1673.11,217.8,217.8,25,30
WTP_IKANA_RM,MOMBA_WTP,IKANA_GBR,17077.16,1455.08,1673.032,217.952,217.952,25,30
WTP_IKANA_RM,MOMBA_WTP,IKANA_GBR,17127.17,1455.81,1672.954,217.144,217.144,25,30
WTP_IKANA_RM,MOMBA_WTP,IKANA_GBR,17177.17,1456.47,1672.876,216.406,216.406,25,30
WTP_IKANA_RM,MOMBA_WTP,IKANA_GBR,17227.17,1456.36,1672.798,216.438,216.438,25,30
WTP_IKANA_RM,MOMBA_WTP,IKANA_GBR,17277.17,1456.83,1672.72,215.89,215.89,25,30
WTP_IKANA_RM,MOMBA_WTP,IKANA_GBR,17327.17,1457.13,1672.643,215.513,215.513,25,30
WTP_IKANA_RM,MOMBA_WTP,IKANA_GBR,17377.18,1457.37,1672.565,215.195,215.195,25,30
WTP_IKANA_RM,MOMBA_WTP,IKANA_GBR,17427.18,1457.98,1672.487,214.507,214.507,25,25
WTP_IKANA_RM,MOMBA_WTP,IKANA_GBR,17477.18,1458.45,1672.409,213.959,213.959,25,25
WTP_IKANA_RM,MOMBA_WTP,IKANA_GBR,17527.19,1459.5,1672.331,212.831,212.831,25,25
WTP_IKANA_RM,MOMBA_WTP,IKANA_GBR,17577.19,1459.61,1672.253,212.643,212.643,25,25
WTP_IKANA_RM,MOMBA_WTP,IKANA_GBR,17627.2,1460.42,1672.175,211.755,211.755,25,25
WTP_IKANA_RM,MOMBA_WTP,IKANA_GBR,17677.2,1461.13,1672.097,210.967,210.967,25,25
WTP_IKANA_RM,MOMBA_WTP,IKANA_GBR,17727.21,1461.63,1672.019,210.389,210.389,25,25
WTP_IKANA_RM,MOMBA_WTP,IKANA_GBR,17777.22,1462.6,1671.942,209.342,209.342,25,25
WTP_IKANA_RM,MOMBA_WTP,IKANA_GBR,17827.23,1463.78,1671.864,208.084,208.084,25,25
WTP_IKANA_RM,MOMBA_WTP,IKANA_GBR,17877.27,1465.69,1671.786,206.096,206.096,25,25
WTP_IKANA_RM,MOMBA_WTP,IKANA_GBR,17927.27,1465.95,1671.708,205.758,205.758,25,25
WTP_IKANA_RM,MOMBA_WTP,IKANA_GBR,17977.28,1467.21,1671.63,204.42,204.42,25,25
WTP_IKANA_RM,MOMBA_WTP,IKANA_GBR,18027.29,1468.3,1671.552,203.252,203.252,25,25
WTP_IKANA_RM,MOMBA_WTP,IKANA_GBR,18077.3,1467.78,1671.474,203.694,203.694,25,25
WTP_IKANA_RM,MOMBA_WTP,IKANA_GBR,18127.3,1468.39,1671.396,203.006,203.006,25,25
WTP_IKANA_RM,MOMBA_WTP,IKANA_GBR,18177.3,1468.9,1671.318,202.418,202.418,25,25
WTP_IKANA_RM,MOMBA_WTP,IKANA_GBR,18227.31,1469.68,1671.24,201.56,201.56,25,25
WTP_IKANA_RM,MOMBA_WTP,IKANA_GBR,18277.31,1470.41,1671.163,200.753,200.753,25,25
WTP_IKANA_RM,MOMBA_WTP,IKANA_GBR,18327.33,1471.51,1671.085,199.575,199.575,25,25
WTP_IKANA_RM,MOMBA_WTP,IKANA_GBR,18377.34,1472.76,1671.007,198.247,198.247,25,25
WTP_IKANA_RM,MOMBA_WTP,IKANA_GBR,18427.35,1473.3,1670.929,197.629,197.629,25,25
WTP_IKANA_RM,MOMBA_WTP,IKANA_GBR,18477.38,1475.11,1670.851,195.741,195.741,25,25
WTP_IKANA_RM,MOMBA_WTP,IKANA_GBR,18527.39,1476.06,1670.773,194.713,194.713,25,25
WTP_IKANA_RM,MOMBA_WTP,IKANA_GBR,18577.39,1476.46,1670.695,194.235,194.235,25,25
WTP_IKANA_RM,MOMBA_WTP,IKANA_GBR,18627.39,1476.99,1670.617,193.627,193.627,25,25
WTP_IKANA_RM,MOMBA_WTP,IKANA_GBR,18670.95,1478.02,1670.549,192.529,192.529,25,25
WTP_IKANA_RM,MOMBA_WTP,IKANA_GBR,18721.07,1481.47,1670.471,189.001,189.001,25,25
WTP_IKANA_RM,MOMBA_WTP,IKANA_GBR,18771.24,1485.54,1670.393,184.853,184.853,25,25
WTP_IKANA_RM,MOMBA_WTP,IKANA_GBR,18821.37,1489.17,1670.315,181.145,181.145,25,25
WTP_IKANA_RM,MOMBA_WTP,IKANA_GBR,18871.54,1493.3,1670.237,176.937,176.937,25,25
WTP_IKANA_RM,MOMBA_WTP,IKANA_GBR,18921.98,1499.96,1670.158,170.198,170.198,25,25
WTP_IKANA_RM,MOMBA_WTP,IKANA_GBR,18972.7,1508.44,1670.079,161.639,161.639,16,25
WTP_IKANA_RM,MOMBA_WTP,IKANA_GBR,19024.41,1521.64,1669.999,148.359,148.359,16,25
WTP_IKANA_RM,MOMBA_WTP,IKANA_GBR,19408.3,1644.76,1669.401,24.641,24.641,10,10
WTP_IKANA_RM,MOMBA_WTP,IKANA_GBR,19428.3,1645.22,1669.37,24.15,24.15,10,10
WTP_IKANA_RM,MOMBA_WTP,IKANA_GBR,19448.42,1647.43,1669.338,21.908,21.908,10,10
WTP_IKANA_RM,MOMBA_WTP,IKANA_GBR,19468.45,1648.39,1669.307,20.917,20.917,10,10
WTP_IKANA_RM,MOMBA_WTP,IKANA_GBR,19480.19,1648.5,1669.289,20.789,20.789,10,10
WTP_IKANA_RM,MOMBA_WTP,IKANA_GBR,19512.89,1645.32,1669.238,23.918,23.918,10,10
WTP_IKANA_RM,MOMBA_WTP,IKANA_GBR,19542.37,1648.45,1669.192,20.742,20.742,10,10
WTP_IKANA_RM,MOMBA_WTP,IKANA_GBR,19589.57,1654.49,1669.118,14.628,14.628,10,10
WTP_IKANA_RM,MOMBA_WTP,IKANA_GBR,19645.61,1660.16,1669.031,8.871,8.871,10,10
WTP_IKANA_RM,MOMBA_WTP,IKANA_GBR,19665.64,1661.38,1669.0,7.62,7.62,10,10
IKANA_NKANGAMO_GM,IKANA_GBR,NKANGAMO_BPS,0.0,1661.38,1663.3,1.92,6.62,10,10
IKANA_NKANGAMO_GM,IKANA_GBR,NKANGAMO_BPS,170.33,1577.97,1663.074,85.104,90.03,10,16
IKANA_NKANGAMO_GM,IKANA_GBR,NKANGAMO_BPS,225.08,1553.84,1663.002,109.162,114.16,16,25
IKANA_NKANGAMO_GM,IKANA_GBR,NKANGAMO_BPS,278.0,1536.5,1662.931,126.431,131.5,16,25
IKANA_NKANGAMO_GM,IKANA_GBR,NKANGAMO_BPS,328.96,1521.64,1662.864,141.224,146.36,16,25
IKANA_NKANGAMO_GM,IKANA_GBR,NKANGAMO_BPS,380.56,1508.9,1662.795,153.895,159.1,16,25
IKANA_NKANGAMO_GM,IKANA_GBR,NKANGAMO_BPS,431.14,1501.26,1662.728,161.468,166.74,25,25
IKANA_NKANGAMO_GM,IKANA_GBR,NKANGAMO_BPS,481.46,1495.58,1662.662,167.082,172.42,25,25
IKANA_NKANGAMO_GM,IKANA_GBR,NKANGAMO_BPS,531.85,1489.29,1662.595,173.305,178.71,25,25
IKANA_NKANGAMO_GM,IKANA_GBR,NKANGAMO_BPS,581.99,1485.64,1662.528,176.888,182.36,25,25
IKANA_NKANGAMO_GM,IKANA_GBR,NKANGAMO_BPS,632.16,1481.49,1662.462,180.972,186.51,25,25
IKANA_NKANGAMO_GM,IKANA_GBR,NKANGAMO_BPS,682.25,1478.42,1662.395,183.975,189.58,25,25
IKANA_NKANGAMO_GM,IKANA_GBR,NKANGAMO_BPS,721.28,1478.99,1662.344,183.354,189.01,25,25
IKANA_NKANGAMO_GM,IKANA_GBR,NKANGAMO_BPS,771.29,1480.09,1662.277,182.187,187.91,25,25
IKANA_NKANGAMO_GM,IKANA_GBR,NKANGAMO_BPS,821.3,1480.98,1662.211,181.231,187.02,25,25
IKANA_NKANGAMO_GM,IKANA_GBR,NKANGAMO_BPS,871.3,1481.62,1662.145,180.525,186.38,25,25
IKANA_NKANGAMO_GM,IKANA_GBR,NKANGAMO_BPS,915.78,1481.6,1662.086,180.486,186.4,25,25
IKANA_NKANGAMO_GM,IKANA_GBR,NKANGAMO_BPS,965.84,1479.19,1662.019,182.829,188.81,25,25
IKANA_NKANGAMO_GM,IKANA_GBR,NKANGAMO_BPS,1009.13,1475.95,1661.962,186.012,192.05,25,25
IKANA_NKANGAMO_GM,IKANA_GBR,NKANGAMO_BPS,1059.16,1474.23,1661.896,187.666,193.77,25,25
IKANA_NKANGAMO_GM,IKANA_GBR,NKANGAMO_BPS,1109.22,1471.73,1661.829,190.099,196.27,25,25
IKANA_NKANGAMO_GM,IKANA_GBR,NKANGAMO_BPS,1159.24,1470.55,1661.763,191.213,197.45,25,25
IKANA_NKANGAMO_GM,IKANA_GBR,NKANGAMO_BPS,1209.26,1468.91,1661.697,192.787,199.09,25,25
IKANA_NKANGAMO_GM,IKANA_GBR,NKANGAMO_BPS,1259.3,1467.05,1661.63,194.58,200.95,25,25
IKANA_NKANGAMO_GM,IKANA_GBR,NKANGAMO_BPS,1309.31,1465.9,1661.564,195.664,202.1,25,25
IKANA_NKANGAMO_GM,IKANA_GBR,NKANGAMO_BPS,1359.33,1464.75,1661.498,196.748,203.25,25,25
IKANA_NKANGAMO_GM,IKANA_GBR,NKANGAMO_BPS,1409.34,1463.52,1661.431,197.911,204.48,25,25
IKANA_NKANGAMO_GM,IKANA_GBR,NKANGAMO_BPS,1459.36,1462.32,1661.365,199.045,205.68,25,25
IKANA_NKANGAMO_GM,IKANA_GBR,NKANGAMO_BPS,1509.39,1460.56,1661.299,200.739,207.44,25,25
IKANA_NKANGAMO_GM,IKANA_GBR,NKANGAMO_BPS,1559.4,1459.49,1661.232,201.742,208.51,25,25
IKANA_NKANGAMO_GM,IKANA_GBR,NKANGAMO_BPS,1609.42,1458.14,1661.166,203.026,209.86,25,25
IKANA_NKANGAMO_GM,IKANA_GBR,NKANGAMO_BPS,1659.42,1457.77,1661.1,203.33,210.23,25,25
IKANA_NKANGAMO_GM,IKANA_GBR,NKANGAMO_BPS,1709.43,1456.57,1661.034,204.464,211.43,25,25
IKANA_NKANGAMO_GM,IKANA_GBR,NKANGAMO_BPS,1759.44,1455.81,1660.967,205.157,212.19,25,25
IKANA_NKANGAMO_GM,IKANA_GBR,NKANGAMO_BPS,1809.44,1455.45,1660.901,205.451,212.55,25,25
IKANA_NKANGAMO_GM,IKANA_GBR,NKANGAMO_BPS,1859.44,1456.13,1660.835,204.705,211.87,25,25
IKANA_NKANGAMO_GM,IKANA_GBR,NKANGAMO_BPS,1909.46,1454.85,1660.768,205.918,213.15,25,25
IKANA_NKANGAMO_GM,IKANA_GBR,NKANGAMO_BPS,1959.46,1454.98,1660.702,205.722,213.02,25,25
IKANA_NKANGAMO_GM,IKANA_GBR,NKANGAMO_BPS,2009.46,1455.06,1660.636,205.576,212.94,25,25
IKANA_NKANGAMO_GM,IKANA_GBR,NKANGAMO_BPS,2059.46,1455.29,1660.569,205.279,212.71,25,25
IKANA_NKANGAMO_GM,IKANA_GBR,NKANGAMO_BPS,2109.46,1455.09,1660.503,205.413,212.91,25,25
IKANA_NKANGAMO_GM,IKANA_GBR,NKANGAMO_BPS,2159.46,1455.03,1660.437,205.407,212.97,25,25
IKANA_NKANGAMO_GM,IKANA_GBR,NKANGAMO_BPS,2209.47,1455.91,1660.371,204.461,212.09,25,25
IKANA_NKANGAMO_GM,IKANA_GBR,NKANGAMO_BPS,2259.47,1455.9,1660.304,204.404,212.1,25,25
IKANA_NKANGAMO_GM,IKANA_GBR,NKANGAMO_BPS,2309.48,1456.85,1660.238,203.388,211.15,25,25
IKANA_NKANGAMO_GM,IKANA_GBR,NKANGAMO_BPS,2359.48,1457.52,1660.172,202.652,210.48,25,25
IKANA_NKANGAMO_GM,IKANA_GBR,NKANGAMO_BPS,2409.48,1458.02,1660.105,202.085,209.98,25,25
IKANA_NKANGAMO_GM,IKANA_GBR,NKANGAMO_BPS,2459.49,1458.63,1660.039,201.409,209.37,25,25
IKANA_NKANGAMO_GM,IKANA_GBR,NKANGAMO_BPS,2509.49,1458.57,1659.973,201.403,209.43,25,25
IKANA_NKANGAMO_GM,IKANA_GBR,NKANGAMO_BPS,2559.49,1458.85,1659.907,201.057,209.15,25,25
IKANA_NKANGAMO_GM,IKANA_GBR,NKANGAMO_BPS,2609.49,1459.21,1659.84,200.63,208.79,25,25
IKANA_NKANGAMO_GM,IKANA_GBR,NKANGAMO_BPS,2659.49,1458.72,1659.774,201.054,209.28,25,25
IKANA_NKANGAMO_GM,IKANA_GBR,NKANGAMO_BPS,2709.49,1458.55,1659.708,201.158,209.45,25,25
IKANA_NKANGAMO_GM,IKANA_GBR,NKANGAMO_BPS,2759.5,1457.86,1659.641,201.781,210.14,25,25
IKANA_NKANGAMO_GM,IKANA_GBR,NKANGAMO_BPS,2809.5,1458.28,1659.575,201.295,209.72,25,25
IKANA_NKANGAMO_GM,IKANA_GBR,NKANGAMO_BPS,2859.51,1457.24,1659.509,202.269,210.76,25,25
IKANA_NKANGAMO_GM,IKANA_GBR,NKANGAMO_BPS,2906.15,1456.69,1659.447,202.757,211.31,25,25
IKANA_NKANGAMO_GM,IKANA_GBR,NKANGAMO_BPS,2956.16,1457.15,1659.381,202.231,210.85,25,25
IKANA_NKANGAMO_GM,IKANA_GBR,NKANGAMO_BPS,3006.16,1457.4,1659.314,201.914,210.6,25,25
IKANA_NKANGAMO_GM,IKANA_GBR,NKANGAMO_BPS,3056.16,1457.28,1659.248,201.968,210.72,25,25
IKANA_NKANGAMO_GM,IKANA_GBR,NKANGAMO_BPS,3106.16,1457.25,1659.182,201.932,210.75,25,25
IKANA_NKANGAMO_GM,IKANA_GBR,NKANGAMO_BPS,3156.16,1457.17,1659.115,201.945,210.83,25,25
IKANA_NKANGAMO_GM,IKANA_GBR,NKANGAMO_BPS,3206.16,1457.4,1659.049,201.649,210.6,25,25
IKANA_NKANGAMO_GM,IKANA_GBR,NKANGAMO_BPS,3256.16,1457.4,1658.983,201.583,210.6,25,25
IKANA_NKANGAMO_GM,IKANA_GBR,NKANGAMO_BPS,3306.16,1457.6,1658.917,201.317,210.4,25,25
IKANA_NKANGAMO_GM,IKANA_GBR,NKANGAMO_BPS,3356.16,1457.83,1658.85,201.02,210.17,25,25
IKANA_NKANGAMO_GM,IKANA_GBR,NKANGAMO_BPS,3406.16,1458.38,1658.784,200.404,209.62,25,25
IKANA_NKANGAMO_GM,IKANA_GBR,NKANGAMO_BPS,3456.16,1458.62,1658.718,200.098,209.38,25,25
IKANA_NKANGAMO_GM,IKANA_GBR,NKANGAMO_BPS,3506.16,1459.01,1658.651,199.641,208.99,25,25
IKANA_NKANGAMO_GM,IKANA_GBR,NKANGAMO_BPS,3556.16,1459.1,1658.585,199.485,208.9,25,25
IKANA_NKANGAMO_GM,IKANA_GBR,NKANGAMO_BPS,3606.16,1459.35,1658.519,199.169,208.65,25,25
IKANA_NKANGAMO_GM,IKANA_GBR,NKANGAMO_BPS,3656.16,1459.5,1658.453,198.953,208.5,25,25
IKANA_NKANGAMO_GM,IKANA_GBR,NKANGAMO_BPS,3706.16,1459.81,1658.386,198.576,208.19,25,25
IKANA_NKANGAMO_GM,IKANA_GBR,NKANGAMO_BPS,3756.17,1460.2,1658.32,198.12,207.8,25,25
IKANA_NKANGAMO_GM,IKANA_GBR,NKANGAMO_BPS,3806.17,1460.25,1658.254,198.004,207.75,25,25
IKANA_NKANGAMO_GM,IKANA_GBR,NKANGAMO_BPS,3856.17,1460.87,1658.187,197.317,207.13,25,25
IKANA_NKANGAMO_GM,IKANA_GBR,NKANGAMO_BPS,3906.17,1461.26,1658.121,196.861,206.74,25,25
IKANA_NKANGAMO_GM,IKANA_GBR,NKANGAMO_BPS,3956.17,1461.79,1658.055,196.265,206.21,25,25
IKANA_NKANGAMO_GM,IKANA_GBR,NKANGAMO_BPS,4006.18,1462.44,1657.988,195.548,205.56,25,25
IKANA_NKANGAMO_GM,IKANA_GBR,NKANGAMO_BPS,4056.19,1463.26,1657.922,194.662,204.74,25,25
IKANA_NKANGAMO_GM,IKANA_GBR,NKANGAMO_BPS,4106.19,1463.63,1657.856,194.226,204.37,25,25
IKANA_NKANGAMO_GM,IKANA_GBR,NKANGAMO_BPS,4156.19,1464.38,1657.79,193.41,203.62,25,25
IKANA_NKANGAMO_GM,IKANA_GBR,NKANGAMO_BPS,4206.2,1465.25,1657.723,192.473,202.75,25,25
IKANA_NKANGAMO_GM,IKANA_GBR,NKANGAMO_BPS,4256.2,1465.77,1657.657,191.887,202.23,25,25
IKANA_NKANGAMO_GM,IKANA_GBR,NKANGAMO_BPS,4306.2,1465.85,1657.591,191.741,202.15,25,25
IKANA_NKANGAMO_GM,IKANA_GBR,NKANGAMO_BPS,4356.2,1466.22,1657.524,191.304,201.78,25,25
IKANA_NKANGAMO_GM,IKANA_GBR,NKANGAMO_BPS,4406.24,1468.09,1657.458,189.368,199.91,25,25
IKANA_NKANGAMO_GM,IKANA_GBR,NKANGAMO_BPS,4456.25,1467.22,1657.392,190.172,200.78,25,25
IKANA_NKANGAMO_GM,IKANA_GBR,NKANGAMO_BPS,4506.25,1467.77,1657.325,189.555,200.23,25,25
IKANA_NKANGAMO_GM,IKANA_GBR,NKANGAMO_BPS,4556.25,1468.26,1657.259,188.999,199.74,25,25
IKANA_NKANGAMO_GM,IKANA_GBR,NKANGAMO_BPS,4606.26,1469.09,1657.193,188.103,198.91,25,25
IKANA_NKANGAMO_GM,IKANA_GBR,NKANGAMO_BPS,4656.27,1470.21,1657.127,186.917,197.79,25,25
IKANA_NKANGAMO_GM,IKANA_GBR,NKANGAMO_BPS,4706.28,1471.19,1657.06,185.87,196.81,25,25
IKANA_NKANGAMO_GM,IKANA_GBR,NKANGAMO_BPS,4756.29,1472.29,1656.994,184.704,195.71,25,25
IKANA_NKANGAMO_GM,IKANA_GBR,NKANGAMO_BPS,4806.3,1473.24,1656.928,183.688,194.76,25,25
IKANA_NKANGAMO_GM,IKANA_GBR,NKANGAMO_BPS,4856.32,1474.44,1656.861,182.421,193.56,25,25
IKANA_NKANGAMO_GM,IKANA_GBR,NKANGAMO_BPS,4906.34,1475.98,1656.795,180.815,192.02,25,25
IKANA_NKANGAMO_GM,IKANA_GBR,NKANGAMO_BPS,4956.36,1477.5,1656.729,179.229,190.5,25,25
IKANA_NKANGAMO_GM,IKANA_GBR,NKANGAMO_BPS,5006.4,1479.29,1656.662,177.372,188.71,25,25
IKANA_NKANGAMO_GM,IKANA_GBR,NKANGAMO_BPS,5056.41,1480.35,1656.596,176.246,187.65,25,25
IKANA_NKANGAMO_GM,IKANA_GBR,NKANGAMO_BPS,5106.44,1482.04,1656.53,174.49,185.96,25,25
IKANA_NKANGAMO_GM,IKANA_GBR,NKANGAMO_BPS,5156.45,1483.23,1656.463,173.233,184.77,25,25
IKANA_NKANGAMO_GM,IKANA_GBR,NKANGAMO_BPS,5206.46,1484.46,1656.397,171.937,183.54,25,25
IKANA_NKANGAMO_GM,IKANA_GBR,NKANGAMO_BPS,5256.46,1484.45,1656.331,171.881,183.55,25,25
IKANA_NKANGAMO_GM,IKANA_GBR,NKANGAMO_BPS,5306.47,1483.79,1656.264,172.474,184.21,25,25
IKANA_NKANGAMO_GM,IKANA_GBR,NKANGAMO_BPS,5356.47,1483.45,1656.198,172.748,184.55,25,25
IKANA_NKANGAMO_GM,IKANA_GBR,NKANGAMO_BPS,5406.48,1482.3,1656.132,173.832,185.7,25,25
IKANA_NKANGAMO_GM,IKANA_GBR,NKANGAMO_BPS,5456.51,1480.62,1656.066,175.446,187.38,25,25
IKANA_NKANGAMO_GM,IKANA_GBR,NKANGAMO_BPS,5506.51,1480.9,1655.999,175.099,187.1,25,25
IKANA_NKANGAMO_GM,IKANA_GBR,NKANGAMO_BPS,5556.52,1479.85,1655.933,176.083,188.15,25,25
IKANA_NKANGAMO_GM,IKANA_GBR,NKANGAMO_BPS,5606.52,1479.63,1655.867,176.237,188.37,25,25
IKANA_NKANGAMO_GM,IKANA_GBR,NKANGAMO_BPS,5656.52,1479.65,1655.8,176.15,188.35,25,25
IKANA_NKANGAMO_GM,IKANA_GBR,NKANGAMO_BPS,5706.52,1479.52,1655.734,176.214,188.48,25,25
IKANA_NKANGAMO_GM,IKANA_GBR,NKANGAMO_BPS,5756.53,1480.09,1655.668,175.578,187.91,25,25
IKANA_NKANGAMO_GM,IKANA_GBR,NKANGAMO_BPS,5806.53,1480.36,1655.601,175.241,187.64,25,25
IKANA_NKANGAMO_GM,IKANA_GBR,NKANGAMO_BPS,5856.53,1480.69,1655.535,174.845,187.31,25,25
IKANA_NKANGAMO_GM,IKANA_GBR,NKANGAMO_BPS,5906.56,1482.32,1655.469,173.149,185.68,25,25
IKANA_NKANGAMO_GM,IKANA_GBR,NKANGAMO_BPS,5956.56,1482.18,1655.403,173.223,185.82,25,25
IKANA_NKANGAMO_GM,IKANA_GBR,NKANGAMO_BPS,6006.56,1482.43,1655.336,172.906,185.57,25,25
IKANA_NKANGAMO_GM,IKANA_GBR,NKANGAMO_BPS,6056.57,1483.41,1655.27,171.86,184.59,25,25
IKANA_NKANGAMO_GM,IKANA_GBR,NKANGAMO_BPS,6106.58,1484.71,1655.204,170.494,183.29,25,25
IKANA_NKANGAMO_GM,IKANA_GBR,NKANGAMO_BPS,6156.58,1484.37,1655.137,170.767,183.63,25,25
IKANA_NKANGAMO_GM,IKANA_GBR,NKANGAMO_BPS,6206.6,1485.46,1655.071,169.611,182.54,25,25
IKANA_NKANGAMO_GM,IKANA_GBR,NKANGAMO_BPS,6256.6,1486.23,1655.005,168.775,181.77,25,25
IKANA_NKANGAMO_GM,IKANA_GBR,NKANGAMO_BPS,6306.63,1487.82,1654.938,167.118,180.18,25,25
IKANA_NKANGAMO_GM,IKANA_GBR,NKANGAMO_BPS,6356.64,1488.86,1654.872,166.012,179.14,25,25
IKANA_NKANGAMO_GM,IKANA_GBR,NKANGAMO_BPS,6406.64,1489.66,1654.806,165.146,178.34,25,25
IKANA_NKANGAMO_GM,IKANA_GBR,NKANGAMO_BPS,6456.66,1491.02,1654.74,163.72,176.98,25,25
IKANA_NKANGAMO_GM,IKANA_GBR,NKANGAMO_BPS,6506.72,1493.45,1654.673,161.223,174.55,25,25
IKANA_NKANGAMO_GM,IKANA_GBR,NKANGAMO_BPS,6556.72,1493.27,1654.607,161.337,174.73,25,25
IKANA_NKANGAMO_GM,IKANA_GBR,NKANGAMO_BPS,6606.76,1495.16,1654.541,159.381,172.84,25,25
IKANA_NKANGAMO_GM,IKANA_GBR,NKANGAMO_BPS,6656.78,1496.7,1654.474,157.774,171.3,25,25
IKANA_NKANGAMO_GM,IKANA_GBR,NKANGAMO_BPS,6706.97,1497.52,1654.408,156.888,170.48,25,25
IKANA_NKANGAMO_GM,IKANA_GBR,NKANGAMO_BPS,6757.06,1500.5,1654.341,153.841,167.5,25,25
IKANA_NKANGAMO_GM,IKANA_GBR,NKANGAMO_BPS,6807.09,1498.78,1654.275,155.495,169.22,25,25
IKANA_NKANGAMO_GM,IKANA_GBR,NKANGAMO_BPS,6857.1,1499.85,1654.209,154.359,168.15,25,25
IKANA_NKANGAMO_GM,IKANA_GBR,NKANGAMO_BPS,6907.1,1500.29,1654.142,153.852,167.71,25,25
IKANA_NKANGAMO_GM,IKANA_GBR,NKANGAMO_BPS,6957.11,1501.02,1654.076,153.056,166.98,25,25
IKANA_NKANGAMO_GM,IKANA_GBR,NKANGAMO_BPS,7007.12,1502.11,1654.01,151.9,165.89,25,25
IKANA_NKANGAMO_GM,IKANA_GBR,NKANGAMO_BPS,7057.12,1502.07,1653.943,151.873,165.93,25,25
IKANA_NKANGAMO_GM,IKANA_GBR,NKANGAMO_BPS,7107.13,1503.01,1653.877,150.867,164.99,25,25
IKANA_NKANGAMO_GM,IKANA_GBR,NKANGAMO_BPS,7157.15,1504.5,1653.811,149.311,163.5,25,25
IKANA_NKANGAMO_GM,IKANA_GBR,NKANGAMO_BPS,7207.15,1504.8,1653.745,148.945,163.2,25,25
IKANA_NKANGAMO_GM,IKANA_GBR,NKANGAMO_BPS,7257.16,1505.86,1653.678,147.818,162.14,16,25
IKANA_NKANGAMO_GM,IKANA_GBR,NKANGAMO_BPS,7307.16,1505.51,1653.612,148.102,162.49,16,25
IKANA_NKANGAMO_GM,IKANA_GBR,NKANGAMO_BPS,7357.17,1506.2,1653.546,147.346,161.8,16,25
IKANA_NKANGAMO_GM,IKANA_GBR,NKANGAMO_BPS,7407.17,1506.09,1653.479,147.389,161.91,16,25
IKANA_NKANGAMO_GM,IKANA_GBR,NKANGAMO_BPS,7457.17,1506.39,1653.413,147.023,161.61,16,25
IKANA_NKANGAMO_GM,IKANA_GBR,NKANGAMO_BPS,7507.17,1506.92,1653.347,146.427,161.08,16,25
IKANA_NKANGAMO_GM,IKANA_GBR,NKANGAMO_BPS,7557.17,1507.57,1653.28,145.71,160.43,16,25
IKANA_NKANGAMO_GM,IKANA_GBR,NKANGAMO_BPS,7607.18,1508.28,1653.214,144.934,159.72,16,25
IKANA_NKANGAMO_GM,IKANA_GBR,NKANGAMO_BPS,7657.18,1508.41,1653.148,144.738,159.59,16,25
IKANA_NKANGAMO_GM,IKANA_GBR,NKANGAMO_BPS,7707.23,1510.67,1653.081,142.411,157.33,16,25
IKANA_NKANGAMO_GM,IKANA_GBR,NKANGAMO_BPS,7757.03,1512.8,1653.015,140.215,155.2,16,25
IKANA_NKANGAMO_GM,IKANA_GBR,NKANGAMO_BPS,7807.04,1513.85,1652.949,139.099,154.15,16,25
IKANA_NKANGAMO_GM,IKANA_GBR,NKANGAMO_BPS,7855.04,1516.32,1652.886,136.566,151.68,16,25
IKANA_NKANGAMO_GM,IKANA_GBR,NKANGAMO_BPS,7905.14,1519.46,1652.819,133.359,148.54,16,25
IKANA_NKANGAMO_GM,IKANA_GBR,NKANGAMO_BPS,7955.14,1519.67,1652.753,133.083,148.33,16,25
IKANA_NKANGAMO_GM,IKANA_GBR,NKANGAMO_BPS,8005.14,1519.26,1652.687,133.427,148.74,16,25
IKANA_NKANGAMO_GM,IKANA_GBR,NKANGAMO_BPS,8055.14,1519.22,1652.62,133.4,148.78,16,25
IKANA_NKANGAMO_GM,IKANA_GBR,NKANGAMO_BPS,8105.14,1519.41,1652.554,133.144,148.59,16,25
IKANA_NKANGAMO_GM,IKANA_GBR,NKANGAMO_BPS,8155.25,1518.52,1652.487,133.967,149.48,16,25
IKANA_NKANGAMO_GM,IKANA_GBR,NKANGAMO_BPS,8205.27,1517.19,1652.421,135.231,150.81,16,25
IKANA_NKANGAMO_GM,IKANA_GBR,NKANGAMO_BPS,8255.28,1516.32,1652.355,136.035,151.68,16,25
IKANA_NKANGAMO_GM,IKANA_GBR,NKANGAMO_BPS,8305.28,1516.02,1652.289,136.269,151.98,16,25
IKANA_NKANGAMO_GM,IKANA_GBR,NKANGAMO_BPS,8355.28,1515.95,1652.222,136.272,152.05,16,25
IKANA_NKANGAMO_GM,IKANA_GBR,NKANGAMO_BPS,8405.28,1516.11,1652.156,136.046,151.89,16,25
IKANA_NKANGAMO_GM,IKANA_GBR,NKANGAMO_BPS,8455.28,1516.21,1652.09,135.88,151.79,16,25
IKANA_NKANGAMO_GM,IKANA_GBR,NKANGAMO_BPS,8505.28,1516.41,1652.023,135.613,151.59,16,25
IKANA_NKANGAMO_GM,IKANA_GBR,NKANGAMO_BPS,8555.29,1517.68,1651.957,134.277,150.32,16,25
IKANA_NKANGAMO_GM,IKANA_GBR,NKANGAMO_BPS,8605.3,1518.59,1651.891,133.301,149.41,16,25
IKANA_NKANGAMO_GM,IKANA_GBR,NKANGAMO_BPS,8655.32,1519.95,1651.824,131.874,148.05,16,25
IKANA_NKANGAMO_GM,IKANA_GBR,NKANGAMO_BPS,8705.33,1520.98,1651.758,130.778,147.02,16,25
IKANA_NKANGAMO_GM,IKANA_GBR,NKANGAMO_BPS,8755.33,1521.54,1651.692,130.152,146.46,16,25
IKANA_NKANGAMO_GM,IKANA_GBR,NKANGAMO_BPS,8805.34,1522.26,1651.626,129.366,145.74,16,25
IKANA_NKANGAMO_GM,IKANA_GBR,NKANGAMO_BPS,8855.34,1521.99,1651.559,129.569,146.01,16,25
IKANA_NKANGAMO_GM,IKANA_GBR,NKANGAMO_BPS,8905.34,1521.79,1651.493,129.703,146.21,16,25
IKANA_NKANGAMO_GM,IKANA_GBR,NKANGAMO_BPS,8955.36,1520.51,1651.427,130.917,147.49,16,25
IKANA_NKANGAMO_GM,IKANA_GBR,NKANGAMO_BPS,9005.37,1519.19,1651.36,132.17,148.81,16,25
IKANA_NKANGAMO_GM,IKANA_GBR,NKANGAMO_BPS,9055.41,1517.35,1651.294,133.944,150.65,16,25
IKANA_NKANGAMO_GM,IKANA_GBR,NKANGAMO_BPS,9105.44,1515.59,1651.228,135.638,152.41,16,25
IKANA_NKANGAMO_GM,IKANA_GBR,NKANGAMO_BPS,9155.48,1513.62,1651.161,137.541,154.38,16,25
IKANA_NKANGAMO_GM,IKANA_GBR,NKANGAMO_BPS,9205.51,1511.82,1651.095,139.275,156.18,16,25
IKANA_NKANGAMO_GM,IKANA_GBR,NKANGAMO_BPS,9255.57,1509.45,1651.029,141.579,158.55,16,25
IKANA_NKANGAMO_GM,IKANA_GBR,NKANGAMO_BPS,9305.59,1507.98,1650.962,142.982,160.02,16,25
IKANA_NKANGAMO_GM,IKANA_GBR,NKANGAMO_BPS,9355.59,1507.29,1650.896,143.606,160.71,16,25
IKANA_NKANGAMO_GM,IKANA_GBR,NKANGAMO_BPS,9405.6,1506.43,1650.83,144.4,161.57,16,25
IKANA_NKANGAMO_GM,IKANA_GBR,NKANGAMO_BPS,9455.61,1505.32,1650.763,145.443,162.68,16,25
IKANA_NKANGAMO_GM,IKANA_GBR,NKANGAMO_BPS,9505.61,1505.5,1650.697,145.197,162.5,16,25
IKANA_NKANGAMO_GM,IKANA_GBR,NKANGAMO_BPS,9555.61,1505.33,1650.631,145.301,162.67,16,25
IKANA_NKANGAMO_GM,IKANA_GBR,NKANGAMO_BPS,9605.61,1505.19,1650.565,145.375,162.81,16,25
IKANA_NKANGAMO_GM,IKANA_GBR,NKANGAMO_BPS,9655.61,1505.58,1650.498,144.918,162.42,16,25
IKANA_NKANGAMO_GM,IKANA_GBR,NKANGAMO_BPS,9705.61,1505.55,1650.432,144.882,162.45,16,25
IKANA_NKANGAMO_GM,IKANA_GBR,NKANGAMO_BPS,9755.6,1505.77,1650.366,144.596,162.23,16,25
IKANA_NKANGAMO_GM,IKANA_GBR,NKANGAMO_BPS,9805.61,1505.16,1650.299,145.139,162.84,16,25
IKANA_NKANGAMO_GM,IKANA_GBR,NKANGAMO_BPS,9855.61,1505.06,1650.233,145.173,162.94,16,25
IKANA_NKANGAMO_GM,IKANA_GBR,NKANGAMO_BPS,9905.61,1505.26,1650.167,144.907,162.74,16,25
IKANA_NKANGAMO_GM,IKANA_GBR,NKANGAMO_BPS,9955.61,1504.68,1650.1,145.42,163.32,25,25
IKANA_NKANGAMO_GM,IKANA_GBR,NKANGAMO_BPS,10005.61,1505.0,1650.034,145.034,163.0,16,25
IKANA_NKANGAMO_GM,IKANA_GBR,NKANGAMO_BPS,10055.61,1505.19,1649.968,144.778,162.81,16,25
IKANA_NKANGAMO_GM,IKANA_GBR,NKANGAMO_BPS,10105.61,1505.52,1649.902,144.382,162.48,16,25
IKANA_NKANGAMO_GM,IKANA_GBR,NKANGAMO_BPS,10155.62,1506.26,1649.835,143.575,161.74,16,25
IKANA_NKANGAMO_GM,IKANA_GBR,NKANGAMO_BPS,10205.62,1506.88,1649.769,142.889,161.12,16,25
IKANA_NKANGAMO_GM,IKANA_GBR,NKANGAMO_BPS,10255.62,1507.09,1649.703,142.613,160.91,16,25
IKANA_NKANGAMO_GM,IKANA_GBR,NKANGAMO_BPS,10305.63,1507.71,1649.636,141.926,160.29,16,25
IKANA_NKANGAMO_GM,IKANA_GBR,NKANGAMO_BPS,10355.64,1508.62,1649.57,140.95,159.38,16,25
IKANA_NKANGAMO_GM,IKANA_GBR,NKANGAMO_BPS,10405.64,1508.86,1649.504,140.644,159.14,16,25
IKANA_NKANGAMO_GM,IKANA_GBR,NKANGAMO_BPS,10455.64,1509.4,1649.438,140.038,158.6,16,25
IKANA_NKANGAMO_GM,IKANA_GBR,NKANGAMO_BPS,10505.64,1509.44,1649.371,139.931,158.56,16,25
IKANA_NKANGAMO_GM,IKANA_GBR,NKANGAMO_BPS,10555.64,1509.02,1649.305,140.285,158.98,16,25
IKANA_NKANGAMO_GM,IKANA_GBR,NKANGAMO_BPS,10605.65,1507.99,1649.239,141.249,160.01,16,25
IKANA_NKANGAMO_GM,IKANA_GBR,NKANGAMO_BPS,10655.66,1507.27,1649.172,141.902,160.73,16,25
IKANA_NKANGAMO_GM,IKANA_GBR,NKANGAMO_BPS,10705.68,1505.85,1649.106,143.256,162.15,16,25
IKANA_NKANGAMO_GM,IKANA_GBR,NKANGAMO_BPS,10755.69,1504.82,1649.04,144.22,163.18,25,25
IKANA_NKANGAMO_GM,IKANA_GBR,NKANGAMO_BPS,10805.7,1503.55,1648.973,145.423,164.45,25,25
IKANA_NKANGAMO_GM,IKANA_GBR,NKANGAMO_BPS,10855.73,1501.87,1648.907,147.037,166.13,25,25
IKANA_NKANGAMO_GM,IKANA_GBR,NKANGAMO_BPS,10905.75,1500.44,1648.841,148.401,167.56,25,25
IKANA_NKANGAMO_GM,IKANA_GBR,NKANGAMO_BPS,10955.78,1498.82,1648.774,149.954,169.18,25,25
IKANA_NKANGAMO_GM,IKANA_GBR,NKANGAMO_BPS,11005.78,1498.16,1648.708,150.548,169.84,25,25
IKANA_NKANGAMO_GM,IKANA_GBR,NKANGAMO_BPS,11055.83,1496.08,1648.642,152.562,171.92,25,25
IKANA_NKANGAMO_GM,IKANA_GBR,NKANGAMO_BPS,11105.83,1495.32,1648.575,153.255,172.68,25,25
IKANA_NKANGAMO_GM,IKANA_GBR,NKANGAMO_BPS,11155.97,1491.55,1648.509,156.959,176.45,25,25
IKANA_NKANGAMO_GM,IKANA_GBR,NKANGAMO_BPS,11206.04,1494.1,1648.443,154.343,173.9,25,25
IKANA_NKANGAMO_GM,IKANA_GBR,NKANGAMO_BPS,11256.04,1494.75,1648.376,153.626,173.25,25,25
IKANA_NKANGAMO_GM,IKANA_GBR,NKANGAMO_BPS,11306.04,1494.9,1648.31,153.41,173.1,25,25
IKANA_NKANGAMO_GM,IKANA_GBR,NKANGAMO_BPS,11356.05,1495.39,1648.244,152.854,172.61,25,25
IKANA_NKANGAMO_GM,IKANA_GBR,NKANGAMO_BPS,11406.05,1494.99,1648.177,153.187,173.01,25,25
IKANA_NKANGAMO_GM,IKANA_GBR,NKANGAMO_BPS,11456.07,1496.57,1648.111,151.541,171.43,25,25
IKANA_NKANGAMO_GM,IKANA_GBR,NKANGAMO_BPS,11506.07,1496.5,1648.045,151.545,171.5,25,25
IKANA_NKANGAMO_GM,IKANA_GBR,NKANGAMO_BPS,11556.07,1496.74,1647.979,151.239,171.26,25,25
IKANA_NKANGAMO_GM,IKANA_GBR,NKANGAMO_BPS,11606.07,1496.66,1647.912,151.252,171.34,25,25
IKANA_NKANGAMO_GM,IKANA_GBR,NKANGAMO_BPS,11656.08,1495.97,1647.846,151.876,172.03,25,25
IKANA_NKANGAMO_GM,IKANA_GBR,NKANGAMO_BPS,11706.08,1495.51,1647.78,152.27,172.49,25,25
IKANA_NKANGAMO_GM,IKANA_GBR,NKANGAMO_BPS,11756.08,1495.01,1647.713,152.703,172.99,25,25
IKANA_NKANGAMO_GM,IKANA_GBR,NKANGAMO_BPS,11806.09,1495.86,1647.647,151.787,172.14,25,25
IKANA_NKANGAMO_GM,IKANA_GBR,NKANGAMO_BPS,11856.1,1494.72,1647.581,152.861,173.28,25,25
IKANA_NKANGAMO_GM,IKANA_GBR,NKANGAMO_BPS,11906.1,1494.63,1647.514,152.884,173.37,25,25
IKANA_NKANGAMO_GM,IKANA_GBR,NKANGAMO_BPS,11956.11,1495.08,1647.448,152.368,172.92,25,25
IKANA_NKANGAMO_GM,IKANA_GBR,NKANGAMO_BPS,12006.11,1494.18,1647.382,153.202,173.82,25,25
IKANA_NKANGAMO_GM,IKANA_GBR,NKANGAMO_BPS,12056.12,1493.63,1647.316,153.686,174.37,25,25
IKANA_NKANGAMO_GM,IKANA_GBR,NKANGAMO_BPS,12106.13,1492.7,1647.249,154.549,175.3,25,25
IKANA_NKANGAMO_GM,IKANA_GBR,NKANGAMO_BPS,12156.14,1491.52,1647.183,155.663,176.48,25,25
IKANA_NKANGAMO_GM,IKANA_GBR,NKANGAMO_BPS,12206.16,1490.17,1647.117,156.947,177.83,25,25
IKANA_NKANGAMO_GM,IKANA_GBR,NKANGAMO_BPS,12256.22,1487.96,1647.05,159.09,180.04,25,25
IKANA_NKANGAMO_GM,IKANA_GBR,NKANGAMO_BPS,12306.25,1486.17,1646.984,160.814,181.83,25,25
IKANA_NKANGAMO_GM,IKANA_GBR,NKANGAMO_BPS,12356.4,1490.04,1646.917,156.877,177.96,25,25
IKANA_NKANGAMO_GM,IKANA_GBR,NKANGAMO_BPS,12406.44,1492.12,1646.851,154.731,175.88,25,25
IKANA_NKANGAMO_GM,IKANA_GBR,NKANGAMO_BPS,12456.5,1494.61,1646.785,152.175,173.39,25,25
IKANA_NKANGAMO_GM,IKANA_GBR,NKANGAMO_BPS,12506.57,1497.13,1646.718,149.588,170.87,25,25
IKANA_NKANGAMO_GM,IKANA_GBR,NKANGAMO_BPS,12556.63,1499.55,1646.652,147.102,168.45,25,25
IKANA_NKANGAMO_GM,IKANA_GBR,NKANGAMO_BPS,12606.7,1502.29,1646.586,144.296,165.71,25,25
IKANA_NKANGAMO_GM,IKANA_GBR,NKANGAMO_BPS,12656.72,1503.69,1646.519,142.829,164.31,25,25
IKANA_NKANGAMO_GM,IKANA_GBR,NKANGAMO_BPS,12706.77,1505.84,1646.453,140.613,162.16,16,25
IKANA_NKANGAMO_GM,IKANA_GBR,NKANGAMO_BPS,12756.79,1507.47,1646.387,138.917,160.53,16,25
IKANA_NKANGAMO_GM,IKANA_GBR,NKANGAMO_BPS,12806.83,1509.33,1646.32,136.99,158.67,16,25
IKANA_NKANGAMO_GM,IKANA_GBR,NKANGAMO_BPS,12856.85,1510.69,1646.254,135.564,157.31,16,25
IKANA_NKANGAMO_GM,IKANA_GBR,NKANGAMO_BPS,12906.86,1511.95,1646.188,134.238,156.05,16,25
IKANA_NKANGAMO_GM,IKANA_GBR,NKANGAMO_BPS,12956.87,1512.56,1646.121,133.561,155.44,16,25
IKANA_NKANGAMO_GM,IKANA_GBR,NKANGAMO_BPS,13006.87,1512.99,1646.055,133.065,155.01,16,25
IKANA_NKANGAMO_GM,IKANA_GBR,NKANGAMO_BPS,13056.87,1512.77,1645.989,133.219,155.23,16,25
IKANA_NKANGAMO_GM,IKANA_GBR,NKANGAMO_BPS,13106.87,1512.15,1645.922,133.772,155.85,16,25
IKANA_NKANGAMO_GM,IKANA_GBR,NKANGAMO_BPS,13156.88,1511.52,1645.856,134.336,156.48,16,25
IKANA_NKANGAMO_GM,IKANA_GBR,NKANGAMO_BPS,13206.93,1509.29,1645.79,136.5,158.71,16,25
IKANA_NKANGAMO_GM,IKANA_GBR,NKANGAMO_BPS,13256.8,1507.79,1645.724,137.934,160.21,16,25
IKANA_NKANGAMO_GM,IKANA_GBR,NKANGAMO_BPS,13306.86,1505.25,1645.657,140.407,162.75,16,25
IKANA_NKANGAMO_GM,IKANA_GBR,NKANGAMO_BPS,13356.89,1503.71,1645.591,141.881,164.29,25,25
IKANA_NKANGAMO_GM,IKANA_GBR,NKANGAMO_BPS,13406.95,1501.2,1645.525,144.325,166.8,25,25
IKANA_NKANGAMO_GM,IKANA_GBR,NKANGAMO_BPS,13457.04,1498.13,1645.458,147.328,169.87,25,25
IKANA_NKANGAMO_GM,IKANA_GBR,NKANGAMO_BPS,13507.07,1496.48,1645.392,148.912,171.52,25,25
IKANA_NKANGAMO_GM,IKANA_GBR,NKANGAMO_BPS,13557.12,1494.15,1645.325,151.175,173.85,25,25
IKANA_NKANGAMO_GM,IKANA_GBR,NKANGAMO_BPS,13607.16,1492.32,1645.259,152.939,175.68,25,25
IKANA_NKANGAMO_GM,IKANA_GBR,NKANGAMO_BPS,13657.2,1490.24,1645.193,154.953,177.76,25,25
IKANA_NKANGAMO_GM,IKANA_GBR,NKANGAMO_BPS,13707.24,1488.28,1645.126,156.846,179.72,25,25
IKANA_NKANGAMO_GM,IKANA_GBR,NKANGAMO_BPS,13757.42,1483.99,1645.06,161.07,184.01,25,25
IKANA_NKANGAMO_GM,IKANA_GBR,NKANGAMO_BPS,13807.49,1481.47,1644.994,163.524,186.53,25,25
IKANA_NKANGAMO_GM,IKANA_GBR,NKANGAMO_BPS,13857.62,1485.15,1644.927,159.777,182.85,25,25
IKANA_NKANGAMO_GM,IKANA_GBR,NKANGAMO_BPS,13907.67,1487.42,1644.861,157.441,180.58,25,25
IKANA_NKANGAMO_GM,IKANA_GBR,NKANGAMO_BPS,13957.7,1488.93,1644.794,155.864,179.07,25,25
IKANA_NKANGAMO_GM,IKANA_GBR,NKANGAMO_BPS,14007.73,1490.85,1644.728,153.878,177.15,25,25
IKANA_NKANGAMO_GM,IKANA_GBR,NKANGAMO_BPS,14057.79,1493.22,1644.662,151.442,174.78,25,25
IKANA_NKANGAMO_GM,IKANA_GBR,NKANGAMO_BPS,14107.8,1494.26,1644.595,150.335,173.74,25,25
IKANA_NKANGAMO_GM,IKANA_GBR,NKANGAMO_BPS,14157.86,1496.64,1644.529,147.889,171.36,25,25
IKANA_NKANGAMO_GM,IKANA_GBR,NKANGAMO_BPS,14207.92,1499.11,1644.463,145.353,168.89,25,25
IKANA_NKANGAMO_GM,IKANA_GBR,NKANGAMO_BPS,14257.96,1501.23,1644.396,143.166,166.77,25,25
IKANA_NKANGAMO_GM,IKANA_GBR,NKANGAMO_BPS,14308.04,1503.99,1644.33,140.34,164.01,25,25
IKANA_NKANGAMO_GM,IKANA_GBR,NKANGAMO_BPS,14358.08,1506.11,1644.264,138.154,161.89,16,25
IKANA_NKANGAMO_GM,IKANA_GBR,NKANGAMO_BPS,14408.12,1508.03,1644.197,136.167,159.97,16,25
IKANA_NKANGAMO_GM,IKANA_GBR,NKANGAMO_BPS,14458.15,1509.77,1644.131,134.361,158.23,16,25
IKANA_NKANGAMO_GM,IKANA_GBR,NKANGAMO_BPS,14508.19,1511.79,1644.065,132.275,156.21,16,25
IKANA_NKANGAMO_GM,IKANA_GBR,NKANGAMO_BPS,14558.21,1513.19,1643.998,130.808,154.81,16,25
IKANA_NKANGAMO_GM,IKANA_GBR,NKANGAMO_BPS,14608.23,1514.48,1643.932,129.452,153.52,16,25
IKANA_NKANGAMO_GM,IKANA_GBR,NKANGAMO_BPS,14658.23,1515.0,1643.866,128.866,153.0,16,25
IKANA_NKANGAMO_GM,IKANA_GBR,NKANGAMO_BPS,14708.23,1515.13,1643.799,128.669,152.87,16,25
IKANA_NKANGAMO_GM,IKANA_GBR,NKANGAMO_BPS,14758.23,1515.2,1643.733,128.533,152.8,16,25
IKANA_NKANGAMO_GM,IKANA_GBR,NKANGAMO_BPS,14808.25,1514.38,1643.667,129.287,153.62,16,25
IKANA_NKANGAMO_GM,IKANA_GBR,NKANGAMO_BPS,14858.25,1513.79,1643.6,129.81,154.21,16,25
IKANA_NKANGAMO_GM,IKANA_GBR,NKANGAMO_BPS,14908.25,1514.21,1643.534,129.324,153.79,16,25
IKANA_NKANGAMO_GM,IKANA_GBR,NKANGAMO_BPS,14958.28,1512.45,1643.468,131.018,155.55,16,25
IKANA_NKANGAMO_GM,IKANA_GBR,NKANGAMO_BPS,15008.28,1512.28,1643.401,131.121,155.72,16,25
IKANA_NKANGAMO_GM,IKANA_GBR,NKANGAMO_BPS,15058.29,1513.27,1643.335,130.065,154.73,16,25
IKANA_NKANGAMO_GM,IKANA_GBR,NKANGAMO_BPS,15108.31,1514.36,1643.269,128.909,153.64,16,25
IKANA_NKANGAMO_GM,IKANA_GBR,NKANGAMO_BPS,15158.31,1515.01,1643.203,128.193,152.99,16,25
IKANA_NKANGAMO_GM,IKANA_GBR,NKANGAMO_BPS,15208.33,1516.5,1643.136,126.636,151.5,16,25
IKANA_NKANGAMO_GM,IKANA_GBR,NKANGAMO_BPS,15258.35,1517.67,1643.07,125.4,150.33,16,25
IKANA_NKANGAMO_GM,IKANA_GBR,NKANGAMO_BPS,15308.35,1518.28,1643.004,124.724,149.72,16,25
IKANA_NKANGAMO_GM,IKANA_GBR,NKANGAMO_BPS,15358.38,1519.68,1642.937,123.257,148.32,16,25
IKANA_NKANGAMO_GM,IKANA_GBR,NKANGAMO_BPS,15408.38,1519.64,1642.871,123.231,148.36,16,25
IKANA_NKANGAMO_GM,IKANA_GBR,NKANGAMO_BPS,15458.38,1520.3,1642.805,122.505,147.7,16,25
IKANA_NKANGAMO_GM,IKANA_GBR,NKANGAMO_BPS,15508.44,1522.64,1642.738,120.098,145.36,16,25
IKANA_NKANGAMO_GM,IKANA_GBR,NKANGAMO_BPS,15558.46,1523.95,1642.672,118.722,144.05,16,25
IKANA_NKANGAMO_GM,IKANA_GBR,NKANGAMO_BPS,15608.49,1525.94,1642.606,116.666,142.06,16,25
IKANA_NKANGAMO_GM,IKANA_GBR,NKANGAMO_BPS,15658.5,1526.77,1642.539,115.769,141.23,16,25
IKANA_NKANGAMO_GM,IKANA_GBR,NKANGAMO_BPS,15708.54,1528.74,1642.473,113.733,139.26,16,25
IKANA_NKANGAMO_GM,IKANA_GBR,NKANGAMO_BPS,15758.55,1529.78,1642.407,112.627,138.22,16,25
IKANA_NKANGAMO_GM,IKANA_GBR,NKANGAMO_BPS,15808.57,1530.96,1642.34,111.38,137.04,16,25
IKANA_NKANGAMO_GM,IKANA_GBR,NKANGAMO_BPS,15858.58,1531.99,1642.274,110.284,136.01,16,25
IKANA_NKANGAMO_GM,IKANA_GBR,NKANGAMO_BPS,15908.58,1532.76,1642.208,109.448,135.24,16,25
IKANA_NKANGAMO_GM,IKANA_GBR,NKANGAMO_BPS,15958.58,1533.21,1642.142,108.932,134.79,16,25
IKANA_NKANGAMO_GM,IKANA_GBR,NKANGAMO_BPS,16008.59,1533.86,1642.075,108.215,134.14,16,25
IKANA_NKANGAMO_GM,IKANA_GBR,NKANGAMO_BPS,16058.59,1534.25,1642.009,107.759,133.75,16,25
IKANA_NKANGAMO_GM,IKANA_GBR,NKANGAMO_BPS,16108.67,1537.14,1641.943,104.803,130.86,16,25
IKANA_NKANGAMO_GM,IKANA_GBR,NKANGAMO_BPS,16158.72,1539.23,1641.876,102.646,128.77,16,25
IKANA_NKANGAMO_GM,IKANA_GBR,NKANGAMO_BPS,16208.78,1541.72,1641.81,100.09,126.28,16,25
IKANA_NKANGAMO_GM,IKANA_GBR,NKANGAMO_BPS,16258.87,1544.72,1641.743,97.023,123.28,16,25
IKANA_NKANGAMO_GM,IKANA_GBR,NKANGAMO_BPS,16308.9,1546.35,1641.677,95.327,121.65,16,25
IKANA_NKANGAMO_GM,IKANA_GBR,NKANGAMO_BPS,16358.96,1548.89,1641.611,92.721,119.11,16,25
IKANA_NKANGAMO_GM,IKANA_GBR,NKANGAMO_BPS,16408.99,1550.63,1641.544,90.914,117.37,16,25
IKANA_NKANGAMO_GM,IKANA_GBR,NKANGAMO_BPS,16459.01,1552.02,1641.478,89.458,115.98,16,25
IKANA_NKANGAMO_GM,IKANA_GBR,NKANGAMO_BPS,16509.04,1553.77,1641.412,87.642,114.23,16,25
IKANA_NKANGAMO_GM,IKANA_GBR,NKANGAMO_BPS,16559.06,1555.06,1641.345,86.285,112.94,16,25
IKANA_NKANGAMO_GM,IKANA_GBR,NKANGAMO_BPS,16609.07,1556.3,1641.279,84.979,111.7,16,16
IKANA_NKANGAMO_GM,IKANA_GBR,NKANGAMO_BPS,16659.07,1556.42,1641.213,84.793,111.58,16,16
IKANA_NKANGAMO_GM,IKANA_GBR,NKANGAMO_BPS,16709.07,1556.26,1641.147,84.887,111.74,16,16
IKANA_NKANGAMO_GM,IKANA_GBR,NKANGAMO_BPS,16759.09,1555.11,1641.08,85.97,112.89,16,25
IKANA_NKANGAMO_GM,IKANA_GBR,NKANGAMO_BPS,16809.07,1554.38,1641.014,86.634,113.62,16,25
IKANA_NKANGAMO_GM,IKANA_GBR,NKANGAMO_BPS,16859.08,1553.49,1640.948,87.458,114.51,16,25
IKANA_NKANGAMO_GM,IKANA_GBR,NKANGAMO_BPS,16909.1,1551.98,1640.881,88.901,116.02,16,25
IKANA_NKANGAMO_GM,IKANA_GBR,NKANGAMO_BPS,16959.1,1551.82,1640.815,88.995,116.18,16,25
IKANA_NKANGAMO_GM,IKANA_GBR,NKANGAMO_BPS,17009.1,1551.62,1640.749,89.129,116.38,16,25
IKANA_NKANGAMO_GM,IKANA_GBR,NKANGAMO_BPS,17059.1,1551.52,1640.682,89.162,116.48,16,25
IKANA_NKANGAMO_GM,IKANA_GBR,NKANGAMO_BPS,17109.1,1551.44,1640.616,89.176,116.56,16,25
IKANA_NKANGAMO_GM,IKANA_GBR,NKANGAMO_BPS,17159.1,1551.48,1640.55,89.07,116.52,16,25
IKANA_NKANGAMO_GM,IKANA_GBR,NKANGAMO_BPS,17209.1,1551.51,1640.484,88.974,116.49,16,25
IKANA_NKANGAMO_GM,IKANA_GBR,NKANGAMO_BPS,17259.12,1552.9,1640.417,87.517,115.1,16,25
IKANA_NKANGAMO_GM,IKANA_GBR,NKANGAMO_BPS,17309.13,1553.65,1640.351,86.701,114.35,16,25
IKANA_NKANGAMO_GM,IKANA_GBR,NKANGAMO_BPS,17359.13,1554.18,1640.285,86.105,113.82,16,25
IKANA_NKANGAMO_GM,IKANA_GBR,NKANGAMO_BPS,17409.14,1555.36,1640.218,84.858,112.64,16,25
IKANA_NKANGAMO_GM,IKANA_GBR,NKANGAMO_BPS,17459.14,1555.36,1640.152,84.792,112.64,16,25
IKANA_NKANGAMO_GM,IKANA_GBR,NKANGAMO_BPS,17509.15,1555.88,1640.086,84.206,112.12,16,16
IKANA_NKANGAMO_GM,IKANA_GBR,NKANGAMO_BPS,17559.15,1556.34,1640.019,83.679,111.66,16,16
IKANA_NKANGAMO_GM,IKANA_GBR,NKANGAMO_BPS,17609.15,1556.81,1639.953,83.143,111.19,16,16
IKANA_NKANGAMO_GM,IKANA_GBR,NKANGAMO_BPS,17659.15,1557.03,1639.887,82.857,110.97,16,16
IKANA_NKANGAMO_GM,IKANA_GBR,NKANGAMO_BPS,17709.15,1556.81,1639.821,83.011,111.19,16,16
IKANA_NKANGAMO_GM,IKANA_GBR,NKANGAMO_BPS,17759.16,1556.22,1639.754,83.534,111.78,16,16
IKANA_NKANGAMO_GM,IKANA_GBR,NKANGAMO_BPS,17809.16,1555.76,1639.688,83.928,112.24,16,16
IKANA_NKANGAMO_GM,IKANA_GBR,NKANGAMO_BPS,17859.16,1555.46,1639.622,84.162,112.54,16,25
IKANA_NKANGAMO_GM,IKANA_GBR,NKANGAMO_BPS,17909.16,1555.44,1639.555,84.115,112.56,16,25
IKANA_NKANGAMO_GM,IKANA_GBR,NKANGAMO_BPS,17959.19,1553.6,1639.489,85.889,114.4,16,25
IKANA_NKANGAMO_GM,IKANA_GBR,NKANGAMO_BPS,18009.19,1553.34,1639.423,86.083,114.66,16,25
IKANA_NKANGAMO_GM,IKANA_GBR,NKANGAMO_BPS,18059.2,1552.84,1639.356,86.516,115.16,16,25
IKANA_NKANGAMO_GM,IKANA_GBR,NKANGAMO_BPS,18109.23,1551.07,1639.29,88.22,116.93,16,25
IKANA_NKANGAMO_GM,IKANA_GBR,NKANGAMO_BPS,18159.24,1552.1,1639.224,87.124,115.9,16,25
IKANA_NKANGAMO_GM,IKANA_GBR,NKANGAMO_BPS,18209.4,1548.1,1639.157,91.057,119.9,16,25
IKANA_NKANGAMO_GM,IKANA_GBR,NKANGAMO_BPS,18259.4,1548.27,1639.091,90.821,119.73,16,25
IKANA_NKANGAMO_GM,IKANA_GBR,NKANGAMO_BPS,18309.4,1548.29,1639.025,90.735,119.71,16,25
IKANA_NKANGAMO_GM,IKANA_GBR,NKANGAMO_BPS,18359.4,1548.03,1638.958,90.928,119.97,16,25
IKANA_NKANGAMO_GM,IKANA_GBR,NKANGAMO_BPS,18409.4,1548.72,1638.892,90.172,119.28,16,25
IKANA_NKANGAMO_GM,IKANA_GBR,NKANGAMO_BPS,18459.43,1550.25,1638.826,88.576,117.75,16,25
IKANA_NKANGAMO_GM,IKANA_GBR,NKANGAMO_BPS,18509.53,1553.48,1638.759,85.279,114.52,16,25
IKANA_NKANGAMO_GM,IKANA_GBR,NKANGAMO_BPS,18559.53,1554.11,1638.693,84.583,113.89,16,25
IKANA_NKANGAMO_GM,IKANA_GBR,NKANGAMO_BPS,18608.66,1554.92,1638.628,83.708,113.08,16,25
IKANA_NKANGAMO_GM,IKANA_GBR,NKANGAMO_BPS,18658.69,1556.65,1638.562,81.912,111.35,16,16
IKANA_NKANGAMO_GM,IKANA_GBR,NKANGAMO_BPS,18708.7,1557.52,1638.495,80.975,110.48,16,16
IKANA_NKANGAMO_GM,IKANA_GBR,NKANGAMO_BPS,18758.71,1558.36,1638.429,80.069,109.64,16,16
IKANA_NKANGAMO_GM,IKANA_GBR,NKANGAMO_BPS,18808.73,1559.78,1638.363,78.583,108.22,16,16
IKANA_NKANGAMO_GM,IKANA_GBR,NKANGAMO_BPS,18858.73,1560.6,1638.296,77.696,107.4,16,16
IKANA_NKANGAMO_GM,IKANA_GBR,NKANGAMO_BPS,18908.74,1561.11,1638.23,77.12,106.89,16,16
IKANA_NKANGAMO_GM,IKANA_GBR,NKANGAMO_BPS,18958.74,1561.81,1638.164,76.354,106.19,16,16
IKANA_NKANGAMO_GM,IKANA_GBR,NKANGAMO_BPS,19008.76,1563.24,1638.098,74.858,104.76,16,16
IKANA_NKANGAMO_GM,IKANA_GBR,NKANGAMO_BPS,19058.77,1564.03,1638.031,74.001,103.97,16,16
IKANA_NKANGAMO_GM,IKANA_GBR,NKANGAMO_BPS,19108.77,1564.22,1637.965,73.745,103.78,16,16
IKANA_NKANGAMO_GM,IKANA_GBR,NKANGAMO_BPS,19158.78,1565.2,1637.899,72.699,102.8,16,16
IKANA_NKANGAMO_GM,IKANA_GBR,NKANGAMO_BPS,19208.78,1565.76,1637.832,72.072,102.24,16,16
IKANA_NKANGAMO_GM,IKANA_GBR,NKANGAMO_BPS,19258.79,1566.53,1637.766,71.236,101.47,10,16
IKANA_NKANGAMO_GM,IKANA_GBR,NKANGAMO_BPS,19308.79,1566.8,1637.7,70.9,101.2,10,16
IKANA_NKANGAMO_GM,IKANA_GBR,NKANGAMO_BPS,19358.79,1567.53,1637.633,70.103,100.47,10,16
IKANA_NKANGAMO_GM,IKANA_GBR,NKANGAMO_BPS,19408.79,1567.64,1637.567,69.927,100.36,10,16
IKANA_NKANGAMO_GM,IKANA_GBR,NKANGAMO_BPS,19458.79,1567.72,1637.501,69.781,100.28,10,16
IKANA_NKANGAMO_GM,IKANA_GBR,NKANGAMO_BPS,19508.79,1567.58,1637.435,69.855,100.42,10,16
IKANA_NKANGAMO_GM,IKANA_GBR,NKANGAMO_BPS,19558.79,1567.58,1637.368,69.788,100.42,10,16
IKANA_NKANGAMO_GM,IKANA_GBR,NKANGAMO_BPS,19608.79,1567.13,1637.302,70.172,100.87,10,16
IKANA_NKANGAMO_GM,IKANA_GBR,NKANGAMO_BPS,19658.79,1567.05,1637.236,70.186,100.95,10,16
IKANA_NKANGAMO_GM,IKANA_GBR,NKANGAMO_BPS,19708.81,1565.87,1637.169,71.299,102.13,16,16
IKANA_NKANGAMO_GM,IKANA_GBR,NKANGAMO_BPS,19758.82,1564.65,1637.103,72.453,103.35,16,16
IKANA_NKANGAMO_GM,IKANA_GBR,NKANGAMO_BPS,19808.82,1564.66,1637.037,72.377,103.34,16,16
IKANA_NKANGAMO_GM,IKANA_GBR,NKANGAMO_BPS,19858.84,1563.47,1636.97,73.5,104.53,16,16
IKANA_NKANGAMO_GM,IKANA_GBR,NKANGAMO_BPS,19908.84,1562.67,1636.904,74.234,105.33,16,16
IKANA_NKANGAMO_GM,IKANA_GBR,NKANGAMO_BPS,19958.84,1562.8,1636.838,74.038,105.2,16,16
IKANA_NKANGAMO_GM,IKANA_GBR,NKANGAMO_BPS,20008.85,1562.3,1636.772,74.472,105.7,16,16
IKANA_NKANGAMO_GM,IKANA_GBR,NKANGAMO_BPS,20058.86,1561.11,1636.705,75.595,106.89,16,16
IKANA_NKANGAMO_GM,IKANA_GBR,NKANGAMO_BPS,20108.86,1561.04,1636.639,75.599,106.96,16,16
IKANA_NKANGAMO_GM,IKANA_GBR,NKANGAMO_BPS,20158.86,1560.71,1636.573,75.863,107.29,16,16
IKANA_NKANGAMO_GM,IKANA_GBR,NKANGAMO_BPS,20208.86,1560.44,1636.506,76.066,107.56,16,16
IKANA_NKANGAMO_GM,IKANA_GBR,NKANGAMO_BPS,20258.86,1560.71,1636.44,75.73,107.29,16,16
IKANA_NKANGAMO_GM,IKANA_GBR,NKANGAMO_BPS,20308.89,1559.06,1636.374,77.314,108.94,16,16
IKANA_NKANGAMO_GM,IKANA_GBR,NKANGAMO_BPS,20358.9,1558.17,1636.307,78.137,109.83,16,16
IKANA_NKANGAMO_GM,IKANA_GBR,NKANGAMO_BPS,20408.91,1556.96,1636.241,79.281,111.04,16,16
IKANA_NKANGAMO_GM,IKANA_GBR,NKANGAMO_BPS,20458.91,1556.82,1636.175,79.355,111.18,16,16
IKANA_NKANGAMO_GM,IKANA_GBR,NKANGAMO_BPS,20508.94,1555.15,1636.109,80.959,112.85,16,25
IKANA_NKANGAMO_GM,IKANA_GBR,NKANGAMO_BPS,20559.02,1552.39,1636.042,83.652,115.61,16,25
IKANA_NKANGAMO_GM,IKANA_GBR,NKANGAMO_BPS,20609.02,1552.22,1635.976,83.756,115.78,16,25
IKANA_NKANGAMO_GM,IKANA_GBR,NKANGAMO_BPS,20659.04,1550.58,1635.91,85.33,117.42,16,25
IKANA_NKANGAMO_GM,IKANA_GBR,NKANGAMO_BPS,20709.05,1550.16,1635.843,85.683,117.84,16,25
IKANA_NKANGAMO_GM,IKANA_GBR,NKANGAMO_BPS,20759.25,1545.6,1635.777,90.177,122.4,16,25
IKANA_NKANGAMO_GM,IKANA_GBR,NKANGAMO_BPS,20809.25,1545.32,1635.71,90.39,122.68,16,25
IKANA_NKANGAMO_GM,IKANA_GBR,NKANGAMO_BPS,20859.34,1542.38,1635.644,93.264,125.62,16,25
IKANA_NKANGAMO_GM,IKANA_GBR,NKANGAMO_BPS,20909.43,1539.36,1635.578,96.218,128.64,16,25
IKANA_NKANGAMO_GM,IKANA_GBR,NKANGAMO_BPS,20959.48,1537.19,1635.511,98.321,130.81,16,25
IKANA_NKANGAMO_GM,IKANA_GBR,NKANGAMO_BPS,21009.51,1535.47,1635.445,99.975,132.53,16,25
IKANA_NKANGAMO_GM,IKANA_GBR,NKANGAMO_BPS,21059.57,1533.0,1635.378,102.378,135.0,16,25
IKANA_NKANGAMO_GM,IKANA_GBR,NKANGAMO_BPS,21109.65,1530.13,1635.312,105.182,137.87,16,25
IKANA_NKANGAMO_GM,IKANA_GBR,NKANGAMO_BPS,21159.68,1528.57,1635.246,106.676,139.43,16,25
IKANA_NKANGAMO_GM,IKANA_GBR,NKANGAMO_BPS,21209.78,1525.29,1635.179,109.889,142.71,16,25
IKANA_NKANGAMO_GM,IKANA_GBR,NKANGAMO_BPS,21259.82,1523.37,1635.113,111.743,144.63,16,25
IKANA_NKANGAMO_GM,IKANA_GBR,NKANGAMO_BPS,21309.88,1520.94,1635.047,114.107,147.06,16,25
IKANA_NKANGAMO_GM,IKANA_GBR,NKANGAMO_BPS,21359.93,1518.78,1634.98,116.2,149.22,16,25
IKANA_NKANGAMO_GM,IKANA_GBR,NKANGAMO_BPS,21409.97,1516.7,1634.914,118.214,151.3,16,25
IKANA_NKANGAMO_GM,IKANA_GBR,NKANGAMO_BPS,21460.03,1514.28,1634.848,120.568,153.72,16,25
IKANA_NKANGAMO_GM,IKANA_GBR,NKANGAMO_BPS,21510.05,1512.7,1634.781,122.081,155.3,16,25
IKANA_NKANGAMO_GM,IKANA_GBR,NKANGAMO_BPS,21560.09,1510.74,1634.715,123.975,157.26,16,25
IKANA_NKANGAMO_GM,IKANA_GBR,NKANGAMO_BPS,21610.22,1507.11,1634.648,127.538,160.89,16,25
IKANA_NKANGAMO_GM,IKANA_GBR,NKANGAMO_BPS,21660.23,1508.18,1634.582,126.402,159.82,16,25
IKANA_NKANGAMO_GM,IKANA_GBR,NKANGAMO_BPS,21710.25,1509.51,1634.516,125.006,158.49,16,25
IKANA_NKANGAMO_GM,IKANA_GBR,NKANGAMO_BPS,21760.26,1510.18,1634.449,124.269,157.82,16,25
IKANA_NKANGAMO_GM,IKANA_GBR,NKANGAMO_BPS,21810.32,1512.72,1634.383,121.663,155.28,16,25
IKANA_NKANGAMO_GM,IKANA_GBR,NKANGAMO_BPS,21860.33,1513.66,1634.317,120.657,154.34,16,25
IKANA_NKANGAMO_GM,IKANA_GBR,NKANGAMO_BPS,21910.39,1516.21,1634.25,118.04,151.79,16,25
IKANA_NKANGAMO_GM,IKANA_GBR,NKANGAMO_BPS,21960.42,1517.65,1634.184,116.534,150.35,16,25
IKANA_NKANGAMO_GM,IKANA_GBR,NKANGAMO_BPS,22010.44,1519.3,1634.118,114.818,148.7,16,25
IKANA_NKANGAMO_GM,IKANA_GBR,NKANGAMO_BPS,22060.48,1521.12,1634.051,112.931,146.88,16,25
IKANA_NKANGAMO_GM,IKANA_GBR,NKANGAMO_BPS,22110.49,1522.41,1633.985,111.575,145.59,16,25
IKANA_NKANGAMO_GM,IKANA_GBR,NKANGAMO_BPS,22160.5,1523.28,1633.919,110.639,144.72,16,25
IKANA_NKANGAMO_GM,IKANA_GBR,NKANGAMO_BPS,22210.52,1524.6,1633.853,109.253,143.4,16,25
IKANA_NKANGAMO_GM,IKANA_GBR,NKANGAMO_BPS,22260.53,1525.48,1633.786,108.306,142.52,16,25
IKANA_NKANGAMO_GM,IKANA_GBR,NKANGAMO_BPS,22310.54,1526.89,1633.72,106.83,141.11,16,25
IKANA_NKANGAMO_GM,IKANA_GBR,NKANGAMO_BPS,22360.56,1528.09,1633.654,105.564,139.91,16,25
IKANA_NKANGAMO_GM,IKANA_GBR,NKANGAMO_BPS,22410.56,1528.65,1633.587,104.937,139.35,16,25
IKANA_NKANGAMO_GM,IKANA_GBR,NKANGAMO_BPS,22460.57,1529.36,1633.521,104.161,138.64,16,25
IKANA_NKANGAMO_GM,IKANA_GBR,NKANGAMO_BPS,22510.58,1530.27,1633.455,103.185,137.73,16,25
IKANA_NKANGAMO_GM,IKANA_GBR,NKANGAMO_BPS,22560.58,1530.48,1633.388,102.908,137.52,16,25
IKANA_NKANGAMO_GM,IKANA_GBR,NKANGAMO_BPS,22610.58,1530.85,1633.322,102.472,137.15,16,25
IKANA_NKANGAMO_GM,IKANA_GBR,NKANGAMO_BPS,22660.58,1531.23,1633.256,102.026,136.77,16,25
IKANA_NKANGAMO_GM,IKANA_GBR,NKANGAMO_BPS,22710.58,1531.49,1633.19,101.7,136.51,16,25
IKANA_NKANGAMO_GM,IKANA_GBR,NKANGAMO_BPS,22760.58,1530.93,1633.123,102.193,137.07,16,25
IKANA_NKANGAMO_GM,IKANA_GBR,NKANGAMO_BPS,22810.58,1531.03,1633.057,102.027,136.97,16,25
IKANA_NKANGAMO_GM,IKANA_GBR,NKANGAMO_BPS,22860.58,1530.71,1632.991,102.281,137.29,16,25
IKANA_NKANGAMO_GM,IKANA_GBR,NKANGAMO_BPS,22910.58,1530.7,1632.924,102.224,137.3,16,25
IKANA_NKANGAMO_GM,IKANA_GBR,NKANGAMO_BPS,22960.58,1530.42,1632.858,102.438,137.58,16,25
IKANA_NKANGAMO_GM,IKANA_GBR,NKANGAMO_BPS,23010.59,1530.12,1632.792,102.672,137.88,16,25
IKANA_NKANGAMO_GM,IKANA_GBR,NKANGAMO_BPS,23060.59,1529.99,1632.725,102.735,138.01,16,25
IKANA_NKANGAMO_GM,IKANA_GBR,NKANGAMO_BPS,23110.59,1529.54,1632.659,103.119,138.46,16,25
IKANA_NKANGAMO_GM,IKANA_GBR,NKANGAMO_BPS,23160.59,1529.26,1632.593,103.333,138.74,16,25
IKANA_NKANGAMO_GM,IKANA_GBR,NKANGAMO_BPS,23210.59,1528.86,1632.527,103.667,139.14,16,25
IKANA_NKANGAMO_GM,IKANA_GBR,NKANGAMO_BPS,23260.61,1527.58,1632.46,104.88,140.42,16,25
IKANA_NKANGAMO_GM,IKANA_GBR,NKANGAMO_BPS,23310.61,1526.73,1632.394,105.664,141.27,16,25
IKANA_NKANGAMO_GM,IKANA_GBR,NKANGAMO_BPS,23360.62,1525.86,1632.328,106.468,142.14,16,25
IKANA_NKANGAMO_GM,IKANA_GBR,NKANGAMO_BPS,23410.65,1524.23,1632.261,108.031,143.77,16,25
IKANA_NKANGAMO_GM,IKANA_GBR,NKANGAMO_BPS,23460.66,1522.93,1632.195,109.265,145.07,16,25
IKANA_NKANGAMO_GM,IKANA_GBR,NKANGAMO_BPS,23510.68,1521.79,1632.129,110.339,146.21,16,25
IKANA_NKANGAMO_GM,IKANA_GBR,NKANGAMO_BPS,23560.74,1519.29,1632.062,112.772,148.71,16,25
IKANA_NKANGAMO_GM,IKANA_GBR,NKANGAMO_BPS,23610.76,1517.91,1631.996,114.086,150.09,16,25
IKANA_NKANGAMO_GM,IKANA_GBR,NKANGAMO_BPS,23660.79,1516.18,1631.93,115.75,151.82,16,25
IKANA_NKANGAMO_GM,IKANA_GBR,NKANGAMO_BPS,23710.81,1514.68,1631.863,117.183,153.32,16,25
IKANA_NKANGAMO_GM,IKANA_GBR,NKANGAMO_BPS,23760.84,1513.0,1631.797,118.797,155.0,16,25
IKANA_NKANGAMO_GM,IKANA_GBR,NKANGAMO_BPS,23810.86,1511.44,1631.731,120.291,156.56,16,25
IKANA_NKANGAMO_GM,IKANA_GBR,NKANGAMO_BPS,23860.86,1511.39,1631.664,120.274,156.61,16,25
IKANA_NKANGAMO_GM,IKANA_GBR,NKANGAMO_BPS,23910.91,1509.22,1631.598,122.378,158.78,16,25
IKANA_NKANGAMO_GM,IKANA_GBR,NKANGAMO_BPS,23960.94,1507.63,1631.532,123.902,160.37,16,25
IKANA_NKANGAMO_GM,IKANA_GBR,NKANGAMO_BPS,24010.96,1506.03,1631.465,125.435,161.97,16,25
IKANA_NKANGAMO_GM,IKANA_GBR,NKANGAMO_BPS,24060.97,1504.92,1631.399,126.479,163.08,16,25
IKANA_NKANGAMO_GM,IKANA_GBR,NKANGAMO_BPS,24111.01,1502.99,1631.333,128.343,165.01,25,25
IKANA_NKANGAMO_GM,IKANA_GBR,NKANGAMO_BPS,24161.04,1501.33,1631.266,129.936,166.67,25,25
IKANA_NKANGAMO_GM,IKANA_GBR,NKANGAMO_BPS,24211.07,1499.56,1631.2,131.64,168.44,25,25
IKANA_NKANGAMO_GM,IKANA_GBR,NKANGAMO_BPS,24261.1,1497.98,1631.134,133.154,170.02,25,25
IKANA_NKANGAMO_GM,IKANA_GBR,NKANGAMO_BPS,24311.1,1498.08,1631.067,132.987,169.92,25,25
IKANA_NKANGAMO_GM,IKANA_GBR,NKANGAMO_BPS,24361.1,1497.88,1631.001,133.121,170.12,25,25
IKANA_NKANGAMO_GM,IKANA_GBR,NKANGAMO_BPS,24411.11,1498.9,1630.935,132.035,169.1,25,25
IKANA_NKANGAMO_GM,IKANA_GBR,NKANGAMO_BPS,24461.13,1500.53,1630.869,130.339,167.47,25,25
IKANA_NKANGAMO_GM,IKANA_GBR,NKANGAMO_BPS,24511.18,1502.77,1630.802,128.032,165.23,25,25
IKANA_NKANGAMO_GM,IKANA_GBR,NKANGAMO_BPS,24561.21,1504.35,1630.736,126.386,163.65,25,25
IKANA_NKANGAMO_GM,IKANA_GBR,NKANGAMO_BPS,24611.25,1506.36,1630.67,124.31,161.64,16,25
IKANA_NKANGAMO_GM,IKANA_GBR,NKANGAMO_BPS,24661.28,1508.0,1630.603,122.603,160.0,16,25
IKANA_NKANGAMO_GM,IKANA_GBR,NKANGAMO_BPS,24711.31,1509.91,1630.537,120.627,158.09,16,25
IKANA_NKANGAMO_GM,IKANA_GBR,NKANGAMO_BPS,24761.32,1510.79,1630.471,119.681,157.21,16,25
IKANA_NKANGAMO_GM,IKANA_GBR,NKANGAMO_BPS,24811.35,1512.41,1630.404,117.994,155.59,16,25
IKANA_NKANGAMO_GM,IKANA_GBR,NKANGAMO_BPS,24861.35,1513.04,1630.338,117.298,154.96,16,25
IKANA_NKANGAMO_GM,IKANA_GBR,NKANGAMO_BPS,24911.35,1513.7,1630.272,116.572,154.3,16,25
IKANA_NKANGAMO_GM,IKANA_GBR,NKANGAMO_BPS,24961.36,1514.35,1630.205,115.855,153.65,16,25
IKANA_NKANGAMO_GM,IKANA_GBR,NKANGAMO_BPS,25011.36,1514.58,1630.139,115.559,153.42,16,25
IKANA_NKANGAMO_GM,IKANA_GBR,NKANGAMO_BPS,25061.36,1514.12,1630.073,115.953,153.88,16,25
IKANA_NKANGAMO_GM,IKANA_GBR,NKANGAMO_BPS,25111.36,1514.22,1630.006,115.786,153.78,16,25
IKANA_NKANGAMO_GM,IKANA_GBR,NKANGAMO_BPS,25161.36,1513.69,1629.94,116.25,154.31,16,25
IKANA_NKANGAMO_GM,IKANA_GBR,NKANGAMO_BPS,25211.37,1514.32,1629.874,115.554,153.68,16,25
IKANA_NKANGAMO_GM,IKANA_GBR,NKANGAMO_BPS,25261.37,1513.65,1629.808,116.158,154.35,16,25
IKANA_NKANGAMO_GM,IKANA_GBR,NKANGAMO_BPS,25311.37,1513.2,1629.741,116.541,154.8,16,25
IKANA_NKANGAMO_GM,IKANA_GBR,NKANGAMO_BPS,25361.38,1512.67,1629.675,117.005,155.33,16,25
IKANA_NKANGAMO_GM,IKANA_GBR,NKANGAMO_BPS,25411.39,1511.77,1629.609,117.839,156.23,16,25
IKANA_NKANGAMO_GM,IKANA_GBR,NKANGAMO_BPS,25461.39,1510.88,1629.542,118.662,157.12,16,25
IKANA_NKANGAMO_GM,IKANA_GBR,NKANGAMO_BPS,25511.42,1509.27,1629.476,120.206,158.73,16,25
IKANA_NKANGAMO_GM,IKANA_GBR,NKANGAMO_BPS,25561.44,1507.8,1629.41,121.61,160.2,16,25
IKANA_NKANGAMO_GM,IKANA_GBR,NKANGAMO_BPS,25611.45,1506.72,1629.343,122.623,161.28,16,25
IKANA_NKANGAMO_GM,IKANA_GBR,NKANGAMO_BPS,25661.53,1504.02,1629.277,125.257,163.98,25,25
IKANA_NKANGAMO_GM,IKANA_GBR,NKANGAMO_BPS,25711.56,1502.3,1629.211,126.911,165.7,25,25
IKANA_NKANGAMO_GM,IKANA_GBR,NKANGAMO_BPS,25761.59,1500.42,1629.144,128.724,167.58,25,25
IKANA_NKANGAMO_GM,IKANA_GBR,NKANGAMO_BPS,25811.64,1498.26,1629.078,130.818,169.74,25,25
IKANA_NKANGAMO_GM,IKANA_GBR,NKANGAMO_BPS,25861.73,1495.2,1629.012,133.812,172.8,25,25
IKANA_NKANGAMO_GM,IKANA_GBR,NKANGAMO_BPS,25911.77,1493.26,1628.945,135.685,174.74,25,25
IKANA_NKANGAMO_GM,IKANA_GBR,NKANGAMO_BPS,25961.86,1490.25,1628.879,138.629,177.75,25,25
IKANA_NKANGAMO_GM,IKANA_GBR,NKANGAMO_BPS,26011.99,1486.64,1628.812,142.172,181.36,25,25
IKANA_NKANGAMO_GM,IKANA_GBR,NKANGAMO_BPS,26062.21,1481.88,1628.746,146.866,186.12,25,25
IKANA_NKANGAMO_GM,IKANA_GBR,NKANGAMO_BPS,26112.37,1477.98,1628.679,150.699,190.02,25,25
IKANA_NKANGAMO_GM,IKANA_GBR,NKANGAMO_BPS,26162.37,1478.28,1628.613,150.333,189.72,25,25
IKANA_NKANGAMO_GM,IKANA_GBR,NKANGAMO_BPS,26212.77,1484.65,1628.546,143.896,183.35,25,25
IKANA_NKANGAMO_GM,IKANA_GBR,NKANGAMO_BPS,26262.88,1488.01,1628.48,140.47,179.99,25,25
IKANA_NKANGAMO_GM,IKANA_GBR,NKANGAMO_BPS,26312.2,1489.9,1628.414,138.514,178.1,25,25
IKANA_NKANGAMO_GM,IKANA_GBR,NKANGAMO_BPS,26362.23,1491.66,1628.348,136.688,176.34,25,25
IKANA_NKANGAMO_GM,IKANA_GBR,NKANGAMO_BPS,26412.26,1493.37,1628.282,134.912,174.63,25,25
IKANA_NKANGAMO_GM,IKANA_GBR,NKANGAMO_BPS,26462.28,1494.7,1628.215,133.515,173.3,25,25
IKANA_NKANGAMO_GM,IKANA_GBR,NKANGAMO_BPS,26512.3,1495.98,1628.149,132.169,172.02,25,25
IKANA_NKANGAMO_GM,IKANA_GBR,NKANGAMO_BPS,26562.3,1496.79,1628.083,131.293,171.21,25,25
IKANA_NKANGAMO_GM,IKANA_GBR,NKANGAMO_BPS,26612.31,1497.47,1628.016,130.546,170.53,25,25
IKANA_NKANGAMO_GM,IKANA_GBR,NKANGAMO_BPS,26662.31,1497.04,1627.95,130.91,170.96,25,25
IKANA_NKANGAMO_GM,IKANA_GBR,NKANGAMO_BPS,26712.31,1496.67,1627.884,131.214,171.33,25,25
IKANA_NKANGAMO_GM,IKANA_GBR,NKANGAMO_BPS,26762.35,1494.61,1627.818,133.208,173.39,25,25
IKANA_NKANGAMO_GM,IKANA_GBR,NKANGAMO_BPS,26812.35,1494.1,1627.751,133.651,173.9,25,25
IKANA_NKANGAMO_GM,IKANA_GBR,NKANGAMO_BPS,26862.37,1492.83,1627.685,134.855,175.17,25,25
IKANA_NKANGAMO_GM,IKANA_GBR,NKANGAMO_BPS,26912.4,1490.99,1627.619,136.629,177.01,25,25
IKANA_NKANGAMO_GM,IKANA_GBR,NKANGAMO_BPS,26962.43,1489.45,1627.552,138.102,178.55,25,25
IKANA_NKANGAMO_GM,IKANA_GBR,NKANGAMO_BPS,27012.46,1487.78,1627.486,139.706,180.22,25,25
IKANA_NKANGAMO_GM,IKANA_GBR,NKANGAMO_BPS,27062.51,1485.42,1627.42,142.0,182.58,25,25
IKANA_NKANGAMO_GM,IKANA_GBR,NKANGAMO_BPS,27112.54,1483.77,1627.353,143.583,184.23,25,25
IKANA_NKANGAMO_GM,IKANA_GBR,NKANGAMO_BPS,27162.58,1481.7,1627.287,145.587,186.3,25,25
IKANA_NKANGAMO_GM,IKANA_GBR,NKANGAMO_BPS,27212.6,1480.4,1627.221,146.821,187.6,25,25
IKANA_NKANGAMO_GM,IKANA_GBR,NKANGAMO_BPS,27262.61,1481.23,1627.154,145.924,186.77,25,25
IKANA_NKANGAMO_GM,IKANA_GBR,NKANGAMO_BPS,27312.62,1482.36,1627.088,144.728,185.64,25,25
IKANA_NKANGAMO_GM,IKANA_GBR,NKANGAMO_BPS,27362.65,1484.1,1627.022,142.922,183.9,25,25
IKANA_NKANGAMO_GM,IKANA_GBR,NKANGAMO_BPS,27412.66,1485.12,1626.955,141.835,182.88,25,25
IKANA_NKANGAMO_GM,IKANA_GBR,NKANGAMO_BPS,27462.66,1485.88,1626.889,141.009,182.12,25,25
IKANA_NKANGAMO_GM,IKANA_GBR,NKANGAMO_BPS,27512.66,1485.77,1626.823,141.053,182.23,25,25
IKANA_NKANGAMO_GM,IKANA_GBR,NKANGAMO_BPS,27562.67,1486.15,1626.756,140.606,181.85,25,25
IKANA_NKANGAMO_GM,IKANA_GBR,NKANGAMO_BPS,27612.67,1486.36,1626.69,140.33,181.64,25,25
IKANA_NKANGAMO_GM,IKANA_GBR,NKANGAMO_BPS,27662.68,1485.02,1626.624,141.604,182.98,25,25
IKANA_NKANGAMO_GM,IKANA_GBR,NKANGAMO_BPS,27712.69,1484.73,1626.558,141.828,183.27,25,25
IKANA_NKANGAMO_GM,IKANA_GBR,NKANGAMO_BPS,27762.71,1483.13,1626.491,143.361,184.87,25,25
IKANA_NKANGAMO_GM,IKANA_GBR,NKANGAMO_BPS,27812.75,1481.19,1626.425,145.235,186.81,25,25
IKANA_NKANGAMO_GM,IKANA_GBR,NKANGAMO_BPS,27862.76,1480.11,1626.359,146.249,187.89,25,25
IKANA_NKANGAMO_GM,IKANA_GBR,NKANGAMO_BPS,27912.82,1477.71,1626.292,148.582,190.29,25,25
IKANA_NKANGAMO_GM,IKANA_GBR,NKANGAMO_BPS,27962.86,1475.6,1626.226,150.626,192.4,25,25
IKANA_NKANGAMO_GM,IKANA_GBR,NKANGAMO_BPS,28012.91,1473.44,1626.159,152.719,194.56,25,25
IKANA_NKANGAMO_GM,IKANA_GBR,NKANGAMO_BPS,28062.92,1474.21,1626.093,151.883,193.79,25,25
IKANA_NKANGAMO_GM,IKANA_GBR,NKANGAMO_BPS,28112.95,1476.18,1626.027,149.847,191.82,25,25
IKANA_NKANGAMO_GM,IKANA_GBR,NKANGAMO_BPS,28162.98,1477.65,1625.961,148.311,190.35,25,25
IKANA_NKANGAMO_GM,IKANA_GBR,NKANGAMO_BPS,28213.02,1479.75,1625.894,146.144,188.25,25,25
IKANA_NKANGAMO_GM,IKANA_GBR,NKANGAMO_BPS,28263.08,1482.24,1625.828,143.588,185.76,25,25
IKANA_NKANGAMO_GM,IKANA_GBR,NKANGAMO_BPS,28313.09,1482.91,1625.761,142.851,185.09,25,25
IKANA_NKANGAMO_GM,IKANA_GBR,NKANGAMO_BPS,28363.16,1485.61,1625.695,140.085,182.39,25,25
IKANA_NKANGAMO_GM,IKANA_GBR,NKANGAMO_BPS,28413.17,1486.86,1625.629,138.769,181.14,25,25
IKANA_NKANGAMO_GM,IKANA_GBR,NKANGAMO_BPS,28463.18,1487.42,1625.563,138.143,180.58,25,25
IKANA_NKANGAMO_GM,IKANA_GBR,NKANGAMO_BPS,28513.18,1487.89,1625.496,137.606,180.11,25,25
IKANA_NKANGAMO_GM,IKANA_GBR,NKANGAMO_BPS,28563.18,1488.42,1625.43,137.01,179.58,25,25
IKANA_NKANGAMO_GM,IKANA_GBR,NKANGAMO_BPS,28613.18,1488.42,1625.364,136.944,179.58,25,25
IKANA_NKANGAMO_GM,IKANA_GBR,NKANGAMO_BPS,28663.2,1489.54,1625.297,135.757,178.46,25,25
IKANA_NKANGAMO_GM,IKANA_GBR,NKANGAMO_BPS,28713.2,1489.61,1625.231,135.621,178.39,25,25
IKANA_NKANGAMO_GM,IKANA_GBR,NKANGAMO_BPS,28763.2,1488.99,1625.165,136.175,179.01,25,25
IKANA_NKANGAMO_GM,IKANA_GBR,NKANGAMO_BPS,28813.2,1490.18,1625.098,134.918,177.82,25,25
IKANA_NKANGAMO_GM,IKANA_GBR,NKANGAMO_BPS,28863.21,1489.32,1625.032,135.712,178.68,25,25
IKANA_NKANGAMO_GM,IKANA_GBR,NKANGAMO_BPS,28913.21,1488.68,1624.966,136.286,179.32,25,25
IKANA_NKANGAMO_GM,IKANA_GBR,NKANGAMO_BPS,28963.22,1487.76,1624.9,137.14,180.24,25,25
IKANA_NKANGAMO_GM,IKANA_GBR,NKANGAMO_BPS,29013.24,1486.51,1624.833,138.323,181.49,25,25
IKANA_NKANGAMO_GM,IKANA_GBR,NKANGAMO_BPS,29063.24,1485.76,1624.767,139.007,182.24,25,25
IKANA_NKANGAMO_GM,IKANA_GBR,NKANGAMO_BPS,29113.26,1484.7,1624.701,140.001,183.3,25,25
IKANA_NKANGAMO_GM,IKANA_GBR,NKANGAMO_BPS,29163.32,1482.07,1624.634,142.564,185.93,25,25
IKANA_NKANGAMO_GM,IKANA_GBR,NKANGAMO_BPS,29213.33,1482.43,1624.568,142.138,185.57,25,25
IKANA_NKANGAMO_GM,IKANA_GBR,NKANGAMO_BPS,29263.34,1481.16,1624.502,143.342,186.84,25,25
IKANA_NKANGAMO_GM,IKANA_GBR,NKANGAMO_BPS,29313.34,1481.06,1624.435,143.375,186.94,25,25
IKANA_NKANGAMO_GM,IKANA_GBR,NKANGAMO_BPS,29363.36,1482.48,1624.369,141.889,185.52,25,25
IKANA_NKANGAMO_GM,IKANA_GBR,NKANGAMO_BPS,29413.37,1483.39,1624.303,140.913,184.61,25,25
IKANA_NKANGAMO_GM,IKANA_GBR,NKANGAMO_BPS,29463.39,1484.59,1624.236,139.646,183.41,25,25
IKANA_NKANGAMO_GM,IKANA_GBR,NKANGAMO_BPS,29513.39,1485.32,1624.17,138.85,182.68,25,25
IKANA_NKANGAMO_GM,IKANA_GBR,NKANGAMO_BPS,29563.39,1485.8,1624.104,138.304,182.2,25,25
IKANA_NKANGAMO_GM,IKANA_GBR,NKANGAMO_BPS,29613.39,1486.25,1624.038,137.788,181.75,25,25
IKANA_NKANGAMO_GM,IKANA_GBR,NKANGAMO_BPS,29663.4,1486.0,1623.971,137.971,182.0,25,25
IKANA_NKANGAMO_GM,IKANA_GBR,NKANGAMO_BPS,29713.4,1485.31,1623.905,138.595,182.69,25,25
IKANA_NKANGAMO_GM,IKANA_GBR,NKANGAMO_BPS,29763.4,1484.68,1623.839,139.159,183.32,25,25
IKANA_NKANGAMO_GM,IKANA_GBR,NKANGAMO_BPS,29813.41,1485.13,1623.772,138.642,182.87,25,25
IKANA_NKANGAMO_GM,IKANA_GBR,NKANGAMO_BPS,29863.41,1485.03,1623.706,138.676,182.97,25,25
IKANA_NKANGAMO_GM,IKANA_GBR,NKANGAMO_BPS,29913.41,1484.59,1623.64,139.05,183.41,25,25
IKANA_NKANGAMO_GM,IKANA_GBR,NKANGAMO_BPS,29963.42,1485.54,1623.573,138.033,182.46,25,25
IKANA_NKANGAMO_GM,IKANA_GBR,NKANGAMO_BPS,30013.42,1485.53,1623.507,137.977,182.47,25,25
IKANA_NKANGAMO_GM,IKANA_GBR,NKANGAMO_BPS,30063.42,1485.93,1623.441,137.511,182.07,25,25
IKANA_NKANGAMO_GM,IKANA_GBR,NKANGAMO_BPS,30113.42,1486.16,1623.375,137.215,181.84,25,25
IKANA_NKANGAMO_GM,IKANA_GBR,NKANGAMO_BPS,30163.42,1485.41,1623.308,137.898,182.59,25,25
IKANA_NKANGAMO_GM,IKANA_GBR,NKANGAMO_BPS,30213.43,1485.32,1623.242,137.922,182.68,25,25
IKANA_NKANGAMO_GM,IKANA_GBR,NKANGAMO_BPS,30263.43,1485.04,1623.176,138.136,182.96,25,25
IKANA_NKANGAMO_GM,IKANA_GBR,NKANGAMO_BPS,30313.43,1484.14,1623.109,138.969,183.86,25,25
IKANA_NKANGAMO_GM,IKANA_GBR,NKANGAMO_BPS,30363.45,1482.74,1623.043,140.303,185.26,25,25
IKANA_NKANGAMO_GM,IKANA_GBR,NKANGAMO_BPS,30413.28,1481.99,1622.977,140.987,186.01,25,25
IKANA_NKANGAMO_GM,IKANA_GBR,NKANGAMO_BPS,30463.28,1481.81,1622.911,141.101,186.19,25,25
IKANA_NKANGAMO_GM,IKANA_GBR,NKANGAMO_BPS,30513.32,1479.86,1622.844,142.984,188.14,25,25
IKANA_NKANGAMO_GM,IKANA_GBR,NKANGAMO_BPS,30563.35,1477.98,1622.778,144.798,190.02,25,25
IKANA_NKANGAMO_GM,IKANA_GBR,NKANGAMO_BPS,30613.38,1476.41,1622.712,146.302,191.59,25,25
IKANA_NKANGAMO_GM,IKANA_GBR,NKANGAMO_BPS,30663.42,1474.27,1622.645,148.375,193.73,25,25
IKANA_NKANGAMO_GM,IKANA_GBR,NKANGAMO_BPS,30713.49,1471.7,1622.579,150.879,196.3,25,25
IKANA_NKANGAMO_GM,IKANA_GBR,NKANGAMO_BPS,30763.56,1469.11,1622.513,153.403,198.89,25,25
IKANA_NKANGAMO_GM,IKANA_GBR,NKANGAMO_BPS,30813.58,1467.61,1622.446,154.836,200.39,25,25
IKANA_NKANGAMO_GM,IKANA_GBR,NKANGAMO_BPS,30863.67,1464.52,1622.38,157.86,203.48,25,25
IKANA_NKANGAMO_GM,IKANA_GBR,NKANGAMO_BPS,30913.75,1461.71,1622.313,160.603,206.29,25,25
IKANA_NKANGAMO_GM,IKANA_GBR,NKANGAMO_BPS,30963.94,1457.42,1622.247,164.827,210.58,25,25
IKANA_NKANGAMO_GM,IKANA_GBR,NKANGAMO_BPS,31014.01,1454.73,1622.181,167.451,213.27,25,25
IKANA_NKANGAMO_GM,IKANA_GBR,NKANGAMO_BPS,31064.27,1449.62,1622.114,172.494,218.38,25,25
IKANA_NKANGAMO_GM,IKANA_GBR,NKANGAMO_BPS,31114.29,1451.07,1622.048,170.978,216.93,25,25
IKANA_NKANGAMO_GM,IKANA_GBR,NKANGAMO_BPS,31164.44,1454.9,1621.981,167.081,213.1,25,25
IKANA_NKANGAMO_GM,IKANA_GBR,NKANGAMO_BPS,31214.49,1457.26,1621.915,164.655,210.74,25,25
IKANA_NKANGAMO_GM,IKANA_GBR,NKANGAMO_BPS,31264.56,1459.82,1621.848,162.028,208.18,25,25
IKANA_NKANGAMO_GM,IKANA_GBR,NKANGAMO_BPS,31314.74,1464.12,1621.782,157.662,203.88,25,25
IKANA_NKANGAMO_GM,IKANA_GBR,NKANGAMO_BPS,31364.89,1467.95,1621.715,153.765,200.05,25,25
IKANA_NKANGAMO_GM,IKANA_GBR,NKANGAMO_BPS,31415.03,1471.77,1621.649,149.879,196.23,25,25
IKANA_NKANGAMO_GM,IKANA_GBR,NKANGAMO_BPS,31465.2,1475.8,1621.582,145.782,192.2,25,25
IKANA_NKANGAMO_GM,IKANA_GBR,NKANGAMO_BPS,31515.32,1479.36,1621.516,142.156,188.64,25,25
IKANA_NKANGAMO_GM,IKANA_GBR,NKANGAMO_BPS,31565.38,1481.71,1621.449,139.739,186.29,25,25
IKANA_NKANGAMO_GM,IKANA_GBR,NKANGAMO_BPS,31615.49,1485.0,1621.383,136.383,183.0,25,25
IKANA_NKANGAMO_GM,IKANA_GBR,NKANGAMO_BPS,31665.6,1488.41,1621.317,132.907,179.59,25,25
IKANA_NKANGAMO_GM,IKANA_GBR,NKANGAMO_BPS,31715.6,1488.55,1621.25,132.7,179.45,25,25
IKANA_NKANGAMO_GM,IKANA_GBR,NKANGAMO_BPS,31765.64,1490.54,1621.184,130.644,177.46,25,25
IKANA_NKANGAMO_GM,IKANA_GBR,NKANGAMO_BPS,31815.68,1492.57,1621.118,128.548,175.43,25,25
IKANA_NKANGAMO_GM,IKANA_GBR,NKANGAMO_BPS,31865.73,1494.78,1621.051,126.271,173.22,25,25
IKANA_NKANGAMO_GM,IKANA_GBR,NKANGAMO_BPS,31915.73,1494.94,1620.985,126.045,173.06,25,25
IKANA_NKANGAMO_GM,IKANA_GBR,NKANGAMO_BPS,31965.75,1496.18,1620.919,124.739,171.82,25,25
IKANA_NKANGAMO_GM,IKANA_GBR,NKANGAMO_BPS,32015.75,1496.57,1620.852,124.282,171.43,25,25
IKANA_NKANGAMO_GM,IKANA_GBR,NKANGAMO_BPS,32065.75,1496.37,1620.786,124.416,171.63,25,25
IKANA_NKANGAMO_GM,IKANA_GBR,NKANGAMO_BPS,32115.75,1496.44,1620.72,124.28,171.56,25,25
IKANA_NKANGAMO_GM,IKANA_GBR,NKANGAMO_BPS,32165.76,1495.39,1620.653,125.263,172.61,25,25
IKANA_NKANGAMO_GM,IKANA_GBR,NKANGAMO_BPS,32215.78,1494.14,1620.587,126.447,173.86,25,25
IKANA_NKANGAMO_GM,IKANA_GBR,NKANGAMO_BPS,32265.78,1494.04,1620.521,126.481,173.96,25,25
IKANA_NKANGAMO_GM,IKANA_GBR,NKANGAMO_BPS,32315.79,1492.88,1620.455,127.575,175.12,25,25
IKANA_NKANGAMO_GM,IKANA_GBR,NKANGAMO_BPS,32365.79,1492.61,1620.388,127.778,175.39,25,25
IKANA_NKANGAMO_GM,IKANA_GBR,NKANGAMO_BPS,32415.82,1490.9,1620.322,129.422,177.1,25,25
IKANA_NKANGAMO_GM,IKANA_GBR,NKANGAMO_BPS,32465.85,1489.13,1620.256,131.126,178.87,25,25
IKANA_NKANGAMO_GM,IKANA_GBR,NKANGAMO_BPS,32515.86,1488.55,1620.189,131.639,179.45,25,25
IKANA_NKANGAMO_GM,IKANA_GBR,NKANGAMO_BPS,32565.86,1487.87,1620.123,132.253,180.13,25,25
IKANA_NKANGAMO_GM,IKANA_GBR,NKANGAMO_BPS,32615.86,1488.46,1620.057,131.597,179.54,25,25
IKANA_NKANGAMO_GM,IKANA_GBR,NKANGAMO_BPS,32665.87,1487.6,1619.99,132.39,180.4,25,25
IKANA_NKANGAMO_GM,IKANA_GBR,NKANGAMO_BPS,32715.87,1486.97,1619.924,132.954,181.03,25,25
IKANA_NKANGAMO_GM,IKANA_GBR,NKANGAMO_BPS,32765.9,1485.36,1619.858,134.498,182.64,25,25
IKANA_NKANGAMO_GM,IKANA_GBR,NKANGAMO_BPS,32815.91,1484.45,1619.791,135.341,183.55,25,25
IKANA_NKANGAMO_GM,IKANA_GBR,NKANGAMO_BPS,32865.92,1483.53,1619.725,136.195,184.47,25,25
IKANA_NKANGAMO_GM,IKANA_GBR,NKANGAMO_BPS,32915.92,1483.62,1619.659,136.039,184.38,25,25
IKANA_NKANGAMO_GM,IKANA_GBR,NKANGAMO_BPS,32965.94,1482.25,1619.593,137.343,185.75,25,25
IKANA_NKANGAMO_GM,IKANA_GBR,NKANGAMO_BPS,33015.98,1480.17,1619.526,139.356,187.83,25,25
IKANA_NKANGAMO_GM,IKANA_GBR,NKANGAMO_BPS,33065.99,1481.16,1619.46,138.3,186.84,25,25
IKANA_NKANGAMO_GM,IKANA_GBR,NKANGAMO_BPS,33116.01,1479.62,1619.394,139.774,188.38,25,25
IKANA_NKANGAMO_GM,IKANA_GBR,NKANGAMO_BPS,33166.02,1479.18,1619.327,140.147,188.82,25,25
IKANA_NKANGAMO_GM,IKANA_GBR,NKANGAMO_BPS,33216.02,1478.95,1619.261,140.311,189.05,25,25
IKANA_NKANGAMO_GM,IKANA_GBR,NKANGAMO_BPS,33266.02,1478.42,1619.195,140.775,189.58,25,25
IKANA_NKANGAMO_GM,IKANA_GBR,NKANGAMO_BPS,33316.02,1478.14,1619.128,140.988,189.86,25,25
IKANA_NKANGAMO_GM,IKANA_GBR,NKANGAMO_BPS,33366.03,1477.07,1619.062,141.992,190.93,25,25
IKANA_NKANGAMO_GM,IKANA_GBR,NKANGAMO_BPS,33416.03,1477.49,1618.996,141.506,190.51,25,25
IKANA_NKANGAMO_GM,IKANA_GBR,NKANGAMO_BPS,33466.03,1477.91,1618.93,141.02,190.09,25,25
IKANA_NKANGAMO_GM,IKANA_GBR,NKANGAMO_BPS,33516.05,1476.73,1618.863,142.133,191.27,25,25
IKANA_NKANGAMO_GM,IKANA_GBR,NKANGAMO_BPS,33566.09,1478.71,1618.797,140.087,189.29,25,25
IKANA_NKANGAMO_GM,IKANA_GBR,NKANGAMO_BPS,33616.16,1481.42,1618.73,137.31,186.58,25,25
IKANA_NKANGAMO_GM,IKANA_GBR,NKANGAMO_BPS,33666.19,1483.1,1618.664,135.564,184.9,25,25
IKANA_NKANGAMO_GM,IKANA_GBR,NKANGAMO_BPS,33716.31,1486.62,1618.598,131.978,181.38,25,25
IKANA_NKANGAMO_GM,IKANA_GBR,NKANGAMO_BPS,33766.32,1487.47,1618.531,131.061,180.53,25,25
IKANA_NKANGAMO_GM,IKANA_GBR,NKANGAMO_BPS,33816.41,1490.41,1618.465,128.055,177.59,25,25
IKANA_NKANGAMO_GM,IKANA_GBR,NKANGAMO_BPS,33866.5,1493.5,1618.399,124.899,174.5,25,25
IKANA_NKANGAMO_GM,IKANA_GBR,NKANGAMO_BPS,33916.51,1494.21,1618.332,124.122,173.79,25,25
IKANA_NKANGAMO_GM,IKANA_GBR,NKANGAMO_BPS,33966.54,1496.11,1618.266,122.156,171.89,25,25
IKANA_NKANGAMO_GM,IKANA_GBR,NKANGAMO_BPS,34016.56,1497.4,1618.2,120.8,170.6,25,25
IKANA_NKANGAMO_GM,IKANA_GBR,NKANGAMO_BPS,34066.58,1498.92,1618.133,119.213,169.08,25,25
IKANA_NKANGAMO_GM,IKANA_GBR,NKANGAMO_BPS,34116.59,1499.77,1618.067,118.297,168.23,25,25
IKANA_NKANGAMO_GM,IKANA_GBR,NKANGAMO_BPS,34166.59,1500.26,1618.001,117.741,167.74,25,25
IKANA_NKANGAMO_GM,IKANA_GBR,NKANGAMO_BPS,34216.6,1501.39,1617.934,116.544,166.61,25,25
IKANA_NKANGAMO_GM,IKANA_GBR,NKANGAMO_BPS,34266.61,1501.82,1617.868,116.048,166.18,25,25
IKANA_NKANGAMO_GM,IKANA_GBR,NKANGAMO_BPS,34316.61,1501.91,1617.802,115.892,166.09,25,25
IKANA_NKANGAMO_GM,IKANA_GBR,NKANGAMO_BPS,34366.61,1501.99,1617.736,115.746,166.01,25,25
IKANA_NKANGAMO_GM,IKANA_GBR,NKANGAMO_BPS,34416.61,1502.78,1617.669,114.889,165.22,25,25
IKANA_NKANGAMO_GM,IKANA_GBR,NKANGAMO_BPS,34466.61,1502.45,1617.603,115.153,165.55,25,25
IKANA_NKANGAMO_GM,IKANA_GBR,NKANGAMO_BPS,34516.62,1503.43,1617.537,114.107,164.57,25,25
IKANA_NKANGAMO_GM,IKANA_GBR,NKANGAMO_BPS,34566.64,1504.79,1617.47,112.68,163.21,25,25
IKANA_NKANGAMO_GM,IKANA_GBR,NKANGAMO_BPS,34616.64,1504.57,1617.404,112.834,163.43,25,25
IKANA_NKANGAMO_GM,IKANA_GBR,NKANGAMO_BPS,34666.67,1506.15,1617.338,111.188,161.85,16,25
IKANA_NKANGAMO_GM,IKANA_GBR,NKANGAMO_BPS,34716.69,1507.6,1617.271,109.671,160.4,16,25
IKANA_NKANGAMO_GM,IKANA_GBR,NKANGAMO_BPS,34766.69,1507.37,1617.205,109.835,160.63,16,25
IKANA_NKANGAMO_GM,IKANA_GBR,NKANGAMO_BPS,34816.7,1508.51,1617.139,108.629,159.49,16,25
IKANA_NKANGAMO_GM,IKANA_GBR,NKANGAMO_BPS,34866.7,1509.02,1617.072,108.052,158.98,16,25
IKANA_NKANGAMO_GM,IKANA_GBR,NKANGAMO_BPS,34916.71,1509.43,1617.006,107.576,158.57,16,25
IKANA_NKANGAMO_GM,IKANA_GBR,NKANGAMO_BPS,34966.71,1509.19,1616.94,107.75,158.81,16,25
IKANA_NKANGAMO_GM,IKANA_GBR,NKANGAMO_BPS,35016.71,1508.85,1616.874,108.024,159.15,16,25
IKANA_NKANGAMO_GM,IKANA_GBR,NKANGAMO_BPS,35066.72,1507.99,1616.807,108.817,160.01,16,25
IKANA_NKANGAMO_GM,IKANA_GBR,NKANGAMO_BPS,35116.72,1507.6,1616.741,109.141,160.4,16,25
IKANA_NKANGAMO_GM,IKANA_GBR,NKANGAMO_BPS,35166.73,1506.64,1616.675,110.035,161.36,16,25
IKANA_NKANGAMO_GM,IKANA_GBR,NKANGAMO_BPS,35216.74,1505.66,1616.608,110.948,162.34,16,25
IKANA_NKANGAMO_GM,IKANA_GBR,NKANGAMO_BPS,35266.75,1504.64,1616.542,111.902,163.36,25,25
IKANA_NKANGAMO_GM,IKANA_GBR,NKANGAMO_BPS,35316.75,1504.45,1616.476,112.026,163.55,25,25
IKANA_NKANGAMO_GM,IKANA_GBR,NKANGAMO_BPS,35366.75,1504.92,1616.41,111.49,163.08,16,25
IKANA_NKANGAMO_GM,IKANA_GBR,NKANGAMO_BPS,35416.77,1506.26,1616.343,110.083,161.74,16,25
IKANA_NKANGAMO_GM,IKANA_GBR,NKANGAMO_BPS,35466.82,1508.51,1616.277,107.767,159.49,16,25
IKANA_NKANGAMO_GM,IKANA_GBR,NKANGAMO_BPS,35516.83,1509.38,1616.211,106.831,158.62,16,25
IKANA_NKANGAMO_GM,IKANA_GBR,NKANGAMO_BPS,35566.85,1511.07,1616.144,105.074,156.93,16,25
IKANA_NKANGAMO_GM,IKANA_GBR,NKANGAMO_BPS,35616.89,1513.09,1616.078,102.988,154.91,16,25
IKANA_NKANGAMO_GM,IKANA_GBR,NKANGAMO_BPS,35666.92,1514.63,1616.012,101.382,153.37,16,25
IKANA_NKANGAMO_GM,IKANA_GBR,NKANGAMO_BPS,35716.93,1515.9,1615.945,100.045,152.1,16,25
IKANA_NKANGAMO_GM,IKANA_GBR,NKANGAMO_BPS,35766.95,1517.28,1615.879,98.599,150.72,16,25
IKANA_NKANGAMO_GM,IKANA_GBR,NKANGAMO_BPS,35816.96,1517.8,1615.813,98.013,150.2,16,25
IKANA_NKANGAMO_GM,IKANA_GBR,NKANGAMO_BPS,35866.95,1518.65,1615.746,97.096,149.35,16,25
IKANA_NKANGAMO_GM,IKANA_GBR,NKANGAMO_BPS,35916.96,1519.36,1615.68,96.32,148.64,16,25
IKANA_NKANGAMO_GM,IKANA_GBR,NKANGAMO_BPS,35966.96,1519.46,1615.614,96.154,148.54,16,25
IKANA_NKANGAMO_GM,IKANA_GBR,NKANGAMO_BPS,36016.96,1519.49,1615.547,96.057,148.51,16,25
IKANA_NKANGAMO_GM,IKANA_GBR,NKANGAMO_BPS,36066.96,1519.81,1615.481,95.671,148.19,16,25
IKANA_NKANGAMO_GM,IKANA_GBR,NKANGAMO_BPS,36116.96,1520.15,1615.415,95.265,147.85,16,25
IKANA_NKANGAMO_GM,IKANA_GBR,NKANGAMO_BPS,36166.97,1521.02,1615.349,94.329,146.98,16,25
IKANA_NKANGAMO_GM,IKANA_GBR,NKANGAMO_BPS,36216.99,1522.36,1615.282,92.922,145.64,16,25
IKANA_NKANGAMO_GM,IKANA_GBR,NKANGAMO_BPS,36266.99,1523.3,1615.216,91.916,144.7,16,25
IKANA_NKANGAMO_GM,IKANA_GBR,NKANGAMO_BPS,36317.32,1528.99,1615.149,86.159,139.01,16,25
IKANA_NKANGAMO_GM,IKANA_GBR,NKANGAMO_BPS,36367.32,1529.08,1615.083,86.003,138.92,16,25
IKANA_NKANGAMO_GM,IKANA_GBR,NKANGAMO_BPS,36417.73,1535.48,1615.016,79.536,132.52,16,25
IKANA_NKANGAMO_GM,IKANA_GBR,NKANGAMO_BPS,36467.73,1535.45,1614.95,79.5,132.55,16,25
IKANA_NKANGAMO_GM,IKANA_GBR,NKANGAMO_BPS,36517.94,1540.05,1614.883,74.833,127.95,16,25
IKANA_NKANGAMO_GM,IKANA_GBR,NKANGAMO_BPS,36568.01,1542.8,1614.817,72.017,125.2,16,25
IKANA_NKANGAMO_GM,IKANA_GBR,NKANGAMO_BPS,36618.07,1545.28,1614.75,69.47,122.72,16,25
IKANA_NKANGAMO_GM,IKANA_GBR,NKANGAMO_BPS,36668.07,1545.57,1614.684,69.114,122.43,16,25
IKANA_NKANGAMO_GM,IKANA_GBR,NKANGAMO_BPS,36718.07,1545.74,1614.618,68.878,122.26,16,25
IKANA_NKANGAMO_GM,IKANA_GBR,NKANGAMO_BPS,36768.08,1545.89,1614.552,68.662,122.11,16,25
IKANA_NKANGAMO_GM,IKANA_GBR,NKANGAMO_BPS,36818.08,1545.94,1614.485,68.545,122.06,16,25
IKANA_NKANGAMO_GM,IKANA_GBR,NKANGAMO_BPS,36868.08,1546.7,1614.419,67.719,121.3,16,25
IKANA_NKANGAMO_GM,IKANA_GBR,NKANGAMO_BPS,36918.08,1546.42,1614.353,67.933,121.58,16,25
IKANA_NKANGAMO_GM,IKANA_GBR,NKANGAMO_BPS,36968.08,1546.06,1614.286,68.226,121.94,16,25
IKANA_NKANGAMO_GM,IKANA_GBR,NKANGAMO_BPS,37018.09,1546.67,1614.22,67.55,121.33,16,25
IKANA_NKANGAMO_GM,IKANA_GBR,NKANGAMO_BPS,37068.09,1547.11,1614.154,67.044,120.89,16,25
IKANA_NKANGAMO_GM,IKANA_GBR,NKANGAMO_BPS,37118.09,1546.79,1614.088,67.298,121.21,16,25
IKANA_NKANGAMO_GM,IKANA_GBR,NKANGAMO_BPS,37168.09,1546.07,1614.021,67.951,121.93,16,25
IKANA_NKANGAMO_GM,IKANA_GBR,NKANGAMO_BPS,37218.09,1546.04,1613.955,67.915,121.96,16,25
IKANA_NKANGAMO_GM,IKANA_GBR,NKANGAMO_BPS,37268.14,1543.91,1613.889,69.979,124.09,16,25
IKANA_NKANGAMO_GM,IKANA_GBR,NKANGAMO_BPS,37318.16,1542.48,1613.822,71.342,125.52,16,25
IKANA_NKANGAMO_GM,IKANA_GBR,NKANGAMO_BPS,37368.18,1543.8,1613.756,69.956,124.2,16,25
IKANA_NKANGAMO_GM,IKANA_GBR,NKANGAMO_BPS,37418.19,1544.87,1613.69,68.82,123.13,16,25
IKANA_NKANGAMO_GM,IKANA_GBR,NKANGAMO_BPS,37468.19,1544.82,1613.623,68.803,123.18,16,25
IKANA_NKANGAMO_GM,IKANA_GBR,NKANGAMO_BPS,37518.19,1544.58,1613.557,68.977,123.42,16,25
IKANA_NKANGAMO_GM,IKANA_GBR,NKANGAMO_BPS,37568.19,1544.32,1613.491,69.171,123.68,16,25
IKANA_NKANGAMO_GM,IKANA_GBR,NKANGAMO_BPS,37618.19,1544.41,1613.424,69.014,123.59,16,25
IKANA_NKANGAMO_GM,IKANA_GBR,NKANGAMO_BPS,37668.2,1543.64,1613.358,69.718,124.36,16,25
IKANA_NKANGAMO_GM,IKANA_GBR,NKANGAMO_BPS,37718.2,1543.92,1613.292,69.372,124.08,16,25
IKANA_NKANGAMO_GM,IKANA_GBR,NKANGAMO_BPS,37768.22,1542.4,1613.226,70.826,125.6,16,25
IKANA_NKANGAMO_GM,IKANA_GBR,NKANGAMO_BPS,37818.28,1539.99,1613.159,73.169,128.01,16,25
IKANA_NKANGAMO_GM,IKANA_GBR,NKANGAMO_BPS,37868.3,1538.42,1613.093,74.673,129.58,16,25
IKANA_NKANGAMO_GM,IKANA_GBR,NKANGAMO_BPS,37918.3,1538.51,1613.027,74.517,129.49,16,25
IKANA_NKANGAMO_GM,IKANA_GBR,NKANGAMO_BPS,37968.39,1535.53,1612.96,77.43,132.47,16,25
IKANA_NKANGAMO_GM,IKANA_GBR,NKANGAMO_BPS,38018.43,1533.6,1612.894,79.294,134.4,16,25
IKANA_NKANGAMO_GM,IKANA_GBR,NKANGAMO_BPS,38068.43,1533.07,1612.828,79.758,134.93,16,25
IKANA_NKANGAMO_GM,IKANA_GBR,NKANGAMO_BPS,38118.44,1532.25,1612.761,80.511,135.75,16,25
IKANA_NKANGAMO_GM,IKANA_GBR,NKANGAMO_BPS,38168.44,1532.72,1612.695,79.975,135.28,16,25
IKANA_NKANGAMO_GM,IKANA_GBR,NKANGAMO_BPS,38218.45,1533.57,1612.629,79.059,134.43,16,25
IKANA_NKANGAMO_GM,IKANA_GBR,NKANGAMO_BPS,38268.48,1535.45,1612.562,77.112,132.55,16,25
IKANA_NKANGAMO_GM,IKANA_GBR,NKANGAMO_BPS,38318.49,1536.2,1612.496,76.296,131.8,16,25
IKANA_NKANGAMO_GM,IKANA_GBR,NKANGAMO_BPS,38368.5,1537.79,1612.43,74.64,130.21,16,25
IKANA_NKANGAMO_GM,IKANA_GBR,NKANGAMO_BPS,38418.52,1538.94,1612.363,73.423,129.06,16,25
IKANA_NKANGAMO_GM,IKANA_GBR,NKANGAMO_BPS,38468.53,1540.08,1612.297,72.217,127.92,16,25
IKANA_NKANGAMO_GM,IKANA_GBR,NKANGAMO_BPS,38518.54,1541.06,1612.231,71.171,126.94,16,25
IKANA_NKANGAMO_GM,IKANA_GBR,NKANGAMO_BPS,38568.59,1543.2,1612.164,68.964,124.8,16,25
IKANA_NKANGAMO_GM,IKANA_GBR,NKANGAMO_BPS,38618.6,1544.22,1612.098,67.878,123.78,16,25
IKANA_NKANGAMO_GM,IKANA_GBR,NKANGAMO_BPS,38668.65,1546.42,1612.032,65.612,121.58,16,25
IKANA_NKANGAMO_GM,IKANA_GBR,NKANGAMO_BPS,38718.65,1545.89,1611.965,66.075,122.11,16,25
IKANA_NKANGAMO_GM,IKANA_GBR,NKANGAMO_BPS,38930.17,1554.3,1611.685,57.385,113.7,16,25
BPS_RM_1,NKANGAMO_BPS,J-001N,0.0,1554.3,1738.228,183.928,183.928,25,25
BPS_RM_1,NKANGAMO_BPS,J-001N,153.17,1560.44,1737.99,177.55,177.55,25,25
BPS_RM_1,NKANGAMO_BPS,J-001N,173.18,1560.88,1737.959,177.079,177.079,25,25
BPS_RM_1,NKANGAMO_BPS,J-001N,193.2,1561.81,1737.927,176.117,176.117,25,25
BPS_RM_1,NKANGAMO_BPS,J-001N,213.21,1562.48,1737.896,175.416,175.416,25,25
BPS_RM_1,NKANGAMO_BPS,J-001N,233.23,1563.35,1737.865,174.515,174.515,25,25
BPS_RM_1,NKANGAMO_BPS,J-001N,253.24,1564.17,1737.834,173.664,173.664,25,25
BPS_RM_1,NKANGAMO_BPS,J-001N,273.25,1564.58,1737.803,173.223,173.223,25,25
BPS_RM_1,NKANGAMO_BPS,J-001N,293.26,1565.19,1737.772,172.582,172.582,25,25
BPS_RM_1,NKANGAMO_BPS,J-001N,313.26,1565.34,1737.74,172.4,172.4,25,25
BPS_RM_1,NKANGAMO_BPS,J-001N,333.27,1566.0,1737.709,171.709,171.709,25,25
BPS_RM_1,NKANGAMO_BPS,J-001N,353.28,1566.57,1737.678,171.108,171.108,25,25
BPS_RM_1,NKANGAMO_BPS,J-001N,373.29,1567.26,1737.647,170.387,170.387,25,25
BPS_RM_1,NKANGAMO_BPS,J-001N,393.32,1568.41,1737.616,169.206,169.206,25,25
BPS_RM_1,NKANGAMO_BPS,J-001N,413.32,1568.24,1737.585,169.345,169.345,25,25
BPS_RM_1,NKANGAMO_BPS,J-001N,433.34,1569.08,1737.553,168.473,168.473,25,25
BPS_RM_1,NKANGAMO_BPS,J-001N,453.36,1569.91,1737.522,167.612,167.612,25,25
BPS_RM_1,NKANGAMO_BPS,J-001N,473.36,1569.63,1737.491,167.861,167.861,25,25
BPS_RM_1,NKANGAMO_BPS,J-001N,493.37,1570.39,1737.46,167.07,167.07,25,25
BPS_RM_1,NKANGAMO_BPS,J-001N,513.39,1571.14,1737.429,166.289,166.289,25,25
BPS_RM_1,NKANGAMO_BPS,J-001N,533.41,1572.05,1737.398,165.348,165.348,25,25
BPS_RM_1,NKANGAMO_BPS,J-001N,553.41,1572.05,1737.366,165.316,165.316,25,25
BPS_RM_1,NKANGAMO_BPS,J-001N,573.44,1573.18,1737.335,164.155,164.155,25,25
BPS_RM_1,NKANGAMO_BPS,J-001N,593.45,1573.81,1737.304,163.494,163.494,25,25
BPS_RM_1,NKANGAMO_BPS,J-001N,613.48,1574.88,1737.273,162.393,162.393,16,25
BPS_RM_1,NKANGAMO_BPS,J-001N,633.48,1574.88,1737.242,162.362,162.362,16,25
BPS_RM_1,NKANGAMO_BPS,J-001N,653.52,1576.12,1737.21,161.09,161.09,16,25
BPS_RM_1,NKANGAMO_BPS,J-001N,673.52,1576.58,1737.179,160.599,160.599,16,25
BPS_RM_1,NKANGAMO_BPS,J-001N,693.54,1577.31,1737.148,159.838,159.838,16,25
BPS_RM_1,NKANGAMO_BPS,J-001N,713.54,1577.31,1737.117,159.807,159.807,16,25
BPS_RM_1,NKANGAMO_BPS,J-001N,733.56,1578.29,1737.086,158.796,158.796,16,25
BPS_RM_1,NKANGAMO_BPS,J-001N,753.56,1578.62,1737.055,158.435,158.435,16,25
BPS_RM_1,NKANGAMO_BPS,J-001N,773.58,1579.5,1737.023,157.523,157.523,16,25
BPS_RM_1,NKANGAMO_BPS,J-001N,793.59,1580.2,1736.992,156.792,156.792,16,25
BPS_RM_1,NKANGAMO_BPS,J-001N,813.6,1580.33,1736.961,156.631,156.631,16,25
BPS_RM_1,NKANGAMO_BPS,J-001N,833.6,1580.52,1736.93,156.41,156.41,16,25
BPS_RM_1,NKANGAMO_BPS,J-001N,853.6,1580.56,1736.899,156.339,156.339,16,25
BPS_RM_1,NKANGAMO_BPS,J-001N,873.6,1580.94,1736.868,155.928,155.928,16,25
BPS_RM_1,NKANGAMO_BPS,J-001N,893.6,1580.83,1736.837,156.007,156.007,16,25
BPS_RM_1,NKANGAMO_BPS,J-001N,913.6,1580.85,1736.805,155.955,155.955,16,25
BPS_RM_1,NKANGAMO_BPS,J-001N,933.6,1580.62,1736.774,156.154,156.154,16,25
BPS_RM_1,NKANGAMO_BPS,J-001N,953.6,1580.48,1736.743,156.263,156.263,16,25
BPS_RM_1,NKANGAMO_BPS,J-001N,973.6,1580.45,1736.712,156.262,156.262,16,25
BPS_RM_1,NKANGAMO_BPS,J-001N,993.6,1580.36,1736.681,156.321,156.321,16,25
BPS_RM_1,NKANGAMO_BPS,J-001N,1013.6,1580.16,1736.65,156.49,156.49,16,25
BPS_RM_1,NKANGAMO_BPS,J-001N,1033.6,1579.91,1736.618,156.708,156.708,16,25
BPS_RM_1,NKANGAMO_BPS,J-001N,1053.61,1579.76,1736.587,156.827,156.827,16,25
BPS_RM_1,NKANGAMO_BPS,J-001N,1073.61,1579.64,1736.556,156.916,156.916,16,25
BPS_RM_1,NKANGAMO_BPS,J-001N,1093.61,1579.83,1736.525,156.695,156.695,16,25
BPS_RM_1,NKANGAMO_BPS,J-001N,1112.79,1579.91,1736.495,156.585,156.585,16,25
BPS_RM_1,NKANGAMO_BPS,J-001N,1132.79,1579.53,1736.464,156.934,156.934,16,25
BPS_RM_1,NKANGAMO_BPS,J-001N,1152.79,1579.21,1736.433,157.223,157.223,16,25
BPS_RM_1,NKANGAMO_BPS,J-001N,1172.79,1578.94,1736.402,157.462,157.462,16,25
BPS_RM_1,NKANGAMO_BPS,J-001N,1192.8,1578.76,1736.37,157.61,157.61,16,25
BPS_RM_1,NKANGAMO_BPS,J-001N,1212.8,1578.5,1736.339,157.839,157.839,16,25
BPS_RM_1,NKANGAMO_BPS,J-001N,1232.81,1577.81,1736.308,158.498,158.498,16,25
BPS_RM_1,NKANGAMO_BPS,J-001N,1252.81,1577.67,1736.277,158.607,158.607,16,25
BPS_RM_1,NKANGAMO_BPS,J-001N,1272.81,1577.48,1736.246,158.766,158.766,16,25
BPS_RM_1,NKANGAMO_BPS,J-001N,1292.82,1576.9,1736.215,159.315,159.315,16,25
BPS_RM_1,NKANGAMO_BPS,J-001N,1312.82,1576.66,1736.184,159.524,159.524,16,25
BPS_RM_1,NKANGAMO_BPS,J-001N,1332.83,1576.11,1736.152,160.042,160.042,16,25
BPS_RM_1,NKANGAMO_BPS,J-001N,1352.83,1575.81,1736.121,160.311,160.311,16,25
BPS_RM_1,NKANGAMO_BPS,J-001N,1372.83,1575.51,1736.09,160.58,160.58,16,25
BPS_RM_1,NKANGAMO_BPS,J-001N,1392.84,1575.19,1736.059,160.869,160.869,16,25
BPS_RM_1,NKANGAMO_BPS,J-001N,1412.84,1574.82,1736.028,161.208,161.208,16,25
BPS_RM_1,NKANGAMO_BPS,J-001N,1432.85,1574.26,1735.997,161.737,161.737,16,25
BPS_RM_1,NKANGAMO_BPS,J-001N,1452.85,1573.99,1735.965,161.975,161.975,16,25
BPS_RM_1,NKANGAMO_BPS,J-001N,1472.85,1573.61,1735.934,162.324,162.324,16,25
BPS_RM_1,NKANGAMO_BPS,J-001N,1492.86,1573.06,1735.903,162.843,162.843,16,25
BPS_RM_1,NKANGAMO_BPS,J-001N,1512.86,1572.79,1735.872,163.082,163.082,16,25
BPS_RM_1,NKANGAMO_BPS,J-001N,1532.87,1572.12,1735.841,163.721,163.721,25,25
BPS_RM_1,NKANGAMO_BPS,J-001N,1552.87,1571.87,1735.81,163.94,163.94,25,25
BPS_RM_1,NKANGAMO_BPS,J-001N,1572.89,1571.16,1735.778,164.618,164.618,25,25
BPS_RM_1,NKANGAMO_BPS,J-001N,1592.9,1570.46,1735.747,165.287,165.287,25,25
BPS_RM_1,NKANGAMO_BPS,J-001N,1612.91,1569.86,1735.716,165.856,165.856,25,25
BPS_RM_1,NKANGAMO_BPS,J-001N,1632.92,1569.09,1735.685,166.595,166.595,25,25
BPS_RM_1,NKANGAMO_BPS,J-001N,1652.93,1568.6,1735.654,167.054,167.054,25,25
BPS_RM_1,NKANGAMO_BPS,J-001N,1672.96,1567.44,1735.623,168.183,168.183,25,25
BPS_RM_1,NKANGAMO_BPS,J-001N,1692.96,1567.44,1735.591,168.151,168.151,25,25
BPS_RM_1,NKANGAMO_BPS,J-001N,1712.99,1566.3,1735.56,169.26,169.26,25,25
BPS_RM_1,NKANGAMO_BPS,J-001N,1733.03,1565.07,1735.529,170.459,170.459,25,25
BPS_RM_1,NKANGAMO_BPS,J-001N,1753.05,1564.14,1735.498,171.358,171.358,25,25
BPS_RM_1,NKANGAMO_BPS,J-001N,1773.05,1564.14,1735.467,171.327,171.327,25,25
BPS_RM_1,NKANGAMO_BPS,J-001N,1793.08,1563.17,1735.435,172.265,172.265,25,25
BPS_RM_1,NKANGAMO_BPS,J-001N,1813.13,1561.75,1735.404,173.654,173.654,25,25
BPS_RM_1,NKANGAMO_BPS,J-001N,1833.13,1561.93,1735.373,173.443,173.443,25,25
BPS_RM_1,NKANGAMO_BPS,J-001N,1853.13,1561.71,1735.342,173.632,173.632,25,25
BPS_RM_1,NKANGAMO_BPS,J-001N,1873.13,1561.68,1735.311,173.631,173.631,25,25
BPS_RM_1,NKANGAMO_BPS,J-001N,1893.13,1561.63,1735.28,173.65,173.65,25,25
BPS_RM_1,NKANGAMO_BPS,J-001N,1913.14,1562.09,1735.248,173.158,173.158,25,25
BPS_RM_1,NKANGAMO_BPS,J-001N,1933.14,1561.89,1735.217,173.327,173.327,25,25
BPS_RM_1,NKANGAMO_BPS,J-001N,1953.14,1561.93,1735.186,173.256,173.256,25,25
BPS_RM_1,NKANGAMO_BPS,J-001N,1973.15,1562.62,1735.155,172.535,172.535,25,25
BPS_RM_1,NKANGAMO_BPS,J-001N,1993.15,1562.64,1735.124,172.484,172.484,25,25
BPS_RM_1,NKANGAMO_BPS,J-001N,2013.18,1563.79,1735.093,171.303,171.303,25,25
BPS_RM_1,NKANGAMO_BPS,J-001N,2033.23,1565.13,1735.061,169.931,169.931,25,25
BPS_RM_1,NKANGAMO_BPS,J-001N,2053.23,1565.13,1735.03,169.9,169.9,25,25
BPS_RM_1,NKANGAMO_BPS,J-001N,2073.29,1566.71,1734.999,168.289,168.289,25,25
BPS_RM_1,NKANGAMO_BPS,J-001N,2093.3,1567.39,1734.968,167.578,167.578,25,25
BPS_RM_1,NKANGAMO_BPS,J-001N,2113.3,1567.39,1734.937,167.547,167.547,25,25
BPS_RM_1,NKANGAMO_BPS,J-001N,2133.32,1568.35,1734.905,166.555,166.555,25,25
BPS_RM_1,NKANGAMO_BPS,J-001N,2153.34,1569.14,1734.874,165.734,165.734,25,25
BPS_RM_1,NKANGAMO_BPS,J-001N,2173.34,1568.81,1734.843,166.033,166.033,25,25
BPS_RM_1,NKANGAMO_BPS,J-001N,2193.36,1569.56,1734.812,165.252,165.252,25,25
BPS_RM_1,NKANGAMO_BPS,J-001N,2213.38,1570.45,1734.781,164.331,164.331,25,25
BPS_RM_1,NKANGAMO_BPS,J-001N,2233.38,1570.45,1734.75,164.3,164.3,25,25
BPS_RM_1,NKANGAMO_BPS,J-001N,2253.38,1570.68,1734.718,164.038,164.038,25,25
BPS_RM_1,NKANGAMO_BPS,J-001N,2273.38,1571.04,1734.687,163.647,163.647,25,25
BPS_RM_1,NKANGAMO_BPS,J-001N,2293.38,1571.21,1734.656,163.446,163.446,25,25
BPS_RM_1,NKANGAMO_BPS,J-001N,2313.38,1571.47,1734.625,163.155,163.155,25,25
BPS_RM_1,NKANGAMO_BPS,J-001N,2333.38,1571.25,1734.594,163.344,163.344,25,25
BPS_RM_1,NKANGAMO_BPS,J-001N,2353.38,1571.25,1734.563,163.313,163.313,25,25
BPS_RM_1,NKANGAMO_BPS,J-001N,2373.38,1571.21,1734.532,163.322,163.322,25,25
BPS_RM_1,NKANGAMO_BPS,J-001N,2393.38,1571.21,1734.5,163.29,163.29,25,25
BPS_RM_1,NKANGAMO_BPS,J-001N,2413.38,1571.29,1734.469,163.179,163.179,25,25
BPS_RM_1,NKANGAMO_BPS,J-001N,2433.38,1571.09,1734.438,163.348,163.348,25,25
BPS_RM_1,NKANGAMO_BPS,J-001N,2453.38,1571.09,1734.407,163.317,163.317,25,25
BPS_RM_1,NKANGAMO_BPS,J-001N,2473.39,1570.83,1734.376,163.546,163.546,25,25
BPS_RM_1,NKANGAMO_BPS,J-001N,2493.39,1570.92,1734.345,163.425,163.425,25,25
BPS_RM_1,NKANGAMO_BPS,J-001N,2513.39,1570.92,1734.313,163.393,163.393,25,25
BPS_RM_1,NKANGAMO_BPS,J-001N,2533.39,1571.02,1734.282,163.262,163.262,25,25
BPS_RM_1,NKANGAMO_BPS,J-001N,2553.39,1571.57,1734.251,162.681,162.681,16,25
BPS_RM_1,NKANGAMO_BPS,J-001N,2573.39,1571.57,1734.22,162.65,162.65,16,25
BPS_RM_1,NKANGAMO_BPS,J-001N,2593.4,1571.98,1734.189,162.209,162.209,16,25
BPS_RM_1,NKANGAMO_BPS,J-001N,2613.4,1572.24,1734.158,161.918,161.918,16,25
BPS_RM_1,NKANGAMO_BPS,J-001N,2633.41,1572.86,1734.126,161.266,161.266,16,25
BPS_RM_1,NKANGAMO_BPS,J-001N,2653.41,1572.86,1734.095,161.235,161.235,16,25
BPS_RM_1,NKANGAMO_BPS,J-001N,2673.41,1573.28,1734.064,160.784,160.784,16,25
BPS_RM_1,NKANGAMO_BPS,J-001N,2693.42,1573.56,1734.033,160.473,160.473,16,25
BPS_RM_1,NKANGAMO_BPS,J-001N,2713.42,1573.56,1734.002,160.442,160.442,16,25
BPS_RM_1,NKANGAMO_BPS,J-001N,2733.43,1574.22,1733.971,159.751,159.751,16,25
BPS_RM_1,NKANGAMO_BPS,J-001N,2753.43,1574.63,1733.94,159.31,159.31,16,25
BPS_RM_1,NKANGAMO_BPS,J-001N,2773.43,1574.63,1733.908,159.278,159.278,16,25
BPS_RM_1,NKANGAMO_BPS,J-001N,2793.43,1574.56,1733.877,159.317,159.317,16,25
BPS_RM_1,NKANGAMO_BPS,J-001N,2813.43,1574.68,1733.846,159.166,159.166,16,25
BPS_RM_1,NKANGAMO_BPS,J-001N,2833.43,1574.99,1733.815,158.825,158.825,16,25
BPS_RM_1,NKANGAMO_BPS,J-001N,2853.44,1574.35,1733.784,159.434,159.434,16,25
BPS_RM_1,NKANGAMO_BPS,J-001N,2873.45,1574.59,1733.753,159.163,159.163,16,25
BPS_RM_1,NKANGAMO_BPS,J-001N,2893.45,1574.48,1733.721,159.241,159.241,16,25
BPS_RM_1,NKANGAMO_BPS,J-001N,2913.45,1574.19,1733.69,159.5,159.5,16,25
BPS_RM_1,NKANGAMO_BPS,J-001N,2933.45,1574.19,1733.659,159.469,159.469,16,25
BPS_RM_1,NKANGAMO_BPS,J-001N,2953.45,1574.09,1733.628,159.538,159.538,16,25
BPS_RM_1,NKANGAMO_BPS,J-001N,2973.45,1573.86,1733.597,159.737,159.737,16,25
BPS_RM_1,NKANGAMO_BPS,J-001N,2993.45,1574.19,1733.566,159.376,159.376,16,25
BPS_RM_1,NKANGAMO_BPS,J-001N,3013.45,1574.42,1733.534,159.114,159.114,16,25
BPS_RM_1,NKANGAMO_BPS,J-001N,3033.45,1574.5,1733.503,159.003,159.003,16,25
BPS_RM_1,NKANGAMO_BPS,J-001N,3053.45,1574.57,1733.472,158.902,158.902,16,25
BPS_RM_1,NKANGAMO_BPS,J-001N,3073.47,1575.25,1733.441,158.191,158.191,16,25
BPS_RM_1,NKANGAMO_BPS,J-001N,3093.5,1576.47,1733.41,156.94,156.94,16,25
BPS_RM_1,NKANGAMO_BPS,J-001N,3113.5,1576.47,1733.379,156.909,156.909,16,25
BPS_RM_1,NKANGAMO_BPS,J-001N,3133.59,1578.34,1733.347,155.007,155.007,16,25
BPS_RM_1,NKANGAMO_BPS,J-001N,3153.64,1579.81,1733.316,153.506,153.506,16,25
BPS_RM_1,NKANGAMO_BPS,J-001N,3173.65,1580.02,1733.285,153.265,153.265,16,25
BPS_RM_1,NKANGAMO_BPS,J-001N,3193.69,1581.29,1733.254,151.964,151.964,16,25
BPS_RM_1,NKANGAMO_BPS,J-001N,3213.73,1582.56,1733.223,150.663,150.663,16,25
BPS_RM_1,NKANGAMO_BPS,J-001N,3233.74,1583.32,1733.191,149.871,149.871,16,25
BPS_RM_1,NKANGAMO_BPS,J-001N,3253.77,1584.45,1733.16,148.71,148.71,16,25
BPS_RM_1,NKANGAMO_BPS,J-001N,3273.77,1584.45,1733.129,148.679,148.679,16,25
BPS_RM_1,NKANGAMO_BPS,J-001N,3293.79,1585.3,1733.098,147.798,147.798,16,25
BPS_RM_1,NKANGAMO_BPS,J-001N,3313.79,1585.3,1733.067,147.767,147.767,16,25
BPS_RM_1,NKANGAMO_BPS,J-001N,3333.8,1586.0,1733.035,147.035,147.035,16,25
BPS_RM_1,NKANGAMO_BPS,J-001N,3353.8,1586.28,1733.004,146.724,146.724,16,25
BPS_RM_1,NKANGAMO_BPS,J-001N,3373.81,1586.7,1732.973,146.273,146.273,16,25
BPS_RM_1,NKANGAMO_BPS,J-001N,3393.81,1586.7,1732.942,146.242,146.242,16,25
BPS_RM_1,NKANGAMO_BPS,J-001N,3413.81,1587.05,1732.911,145.861,145.861,16,25
BPS_RM_1,NKANGAMO_BPS,J-001N,3433.81,1587.05,1732.88,145.83,145.83,16,25
BPS_RM_1,NKANGAMO_BPS,J-001N,3453.81,1586.96,1732.849,145.889,145.889,16,25
BPS_RM_1,NKANGAMO_BPS,J-001N,3473.81,1586.82,1732.817,145.997,145.997,16,25
BPS_RM_1,NKANGAMO_BPS,J-001N,3493.81,1587.07,1732.786,145.716,145.716,16,25
BPS_RM_1,NKANGAMO_BPS,J-001N,3513.83,1587.91,1732.755,144.845,144.845,16,25
BPS_RM_1,NKANGAMO_BPS,J-001N,3533.84,1587.32,1732.724,145.404,145.404,16,25
BPS_RM_1,NKANGAMO_BPS,J-001N,3553.84,1586.92,1732.693,145.773,145.773,16,25
BPS_RM_1,NKANGAMO_BPS,J-001N,3573.86,1587.67,1732.662,144.992,144.992,16,25
BPS_RM_1,NKANGAMO_BPS,J-001N,3593.86,1587.61,1732.63,145.02,145.02,16,25
BPS_RM_1,NKANGAMO_BPS,J-001N,3613.86,1587.35,1732.599,145.249,145.249,16,25
BPS_RM_1,NKANGAMO_BPS,J-001N,3633.89,1588.45,1732.568,144.118,144.118,16,25
BPS_RM_1,NKANGAMO_BPS,J-001N,3653.9,1587.87,1732.537,144.667,144.667,16,25
BPS_RM_1,NKANGAMO_BPS,J-001N,3673.91,1587.21,1732.506,145.296,145.296,16,25
BPS_RM_1,NKANGAMO_BPS,J-001N,3693.95,1588.55,1732.474,143.924,143.924,16,25
BPS_RM_1,NKANGAMO_BPS,J-001N,3713.98,1587.45,1732.443,144.993,144.993,16,25
BPS_RM_1,NKANGAMO_BPS,J-001N,3734.0,1588.17,1732.412,144.242,144.242,16,25
BPS_RM_1,NKANGAMO_BPS,J-001N,3754.0,1588.18,1732.381,144.201,144.201,16,25
BPS_RM_1,NKANGAMO_BPS,J-001N,3774.0,1588.17,1732.35,144.18,144.18,16,25
BPS_RM_1,NKANGAMO_BPS,J-001N,3794.0,1588.52,1732.319,143.799,143.799,16,25
BPS_RM_1,NKANGAMO_BPS,J-001N,3814.01,1588.1,1732.287,144.187,144.187,16,25
BPS_RM_1,NKANGAMO_BPS,J-001N,3834.03,1589.02,1732.256,143.236,143.236,16,25
BPS_RM_1,NKANGAMO_BPS,J-001N,3854.04,1588.38,1732.225,143.845,143.845,16,25
BPS_RM_1,NKANGAMO_BPS,J-001N,3874.04,1588.26,1732.194,143.934,143.934,16,25
BPS_RM_1,NKANGAMO_BPS,J-001N,3894.04,1588.05,1732.163,144.113,144.113,16,25
BPS_RM_1,NKANGAMO_BPS,J-001N,3914.06,1587.09,1732.132,145.042,145.042,16,25
BPS_RM_1,NKANGAMO_BPS,J-001N,3934.06,1587.12,1732.1,144.98,144.98,16,25
BPS_RM_1,NKANGAMO_BPS,J-001N,3954.08,1586.16,1732.069,145.909,145.909,16,25
BPS_RM_1,NKANGAMO_BPS,J-001N,3974.08,1586.09,1732.038,145.948,145.948,16,25
BPS_RM_1,NKANGAMO_BPS,J-001N,3994.1,1585.26,1732.007,146.747,146.747,16,25
BPS_RM_1,NKANGAMO_BPS,J-001N,4014.14,1584.04,1731.976,147.936,147.936,16,25
BPS_RM_1,NKANGAMO_BPS,J-001N,4034.25,1581.94,1731.944,150.004,150.004,16,25
BPS_RM_1,NKANGAMO_BPS,J-001N,4054.29,1583.18,1731.913,148.733,148.733,16,25
BPS_RM_1,NKANGAMO_BPS,J-001N,4074.34,1584.59,1731.882,147.292,147.292,16,25
BPS_RM_1,NKANGAMO_BPS,J-001N,4094.35,1585.34,1731.851,146.511,146.511,16,25
BPS_RM_1,NKANGAMO_BPS,J-001N,4114.35,1585.1,1731.82,146.72,146.72,16,25
BPS_RM_1,NKANGAMO_BPS,J-001N,4134.39,1586.26,1731.788,145.528,145.528,16,25
BPS_RM_1,NKANGAMO_BPS,J-001N,4154.41,1587.17,1731.757,144.587,144.587,16,25
BPS_RM_1,NKANGAMO_BPS,J-001N,4174.41,1587.14,1731.726,144.586,144.586,16,25
BPS_RM_1,NKANGAMO_BPS,J-001N,4194.43,1588.06,1731.695,143.635,143.635,16,25
BPS_RM_1,NKANGAMO_BPS,J-001N,4214.45,1589.04,1731.664,142.624,142.624,16,25
BPS_RM_1,NKANGAMO_BPS,J-001N,4234.45,1588.72,1731.633,142.913,142.913,16,25
BPS_RM_1,NKANGAMO_BPS,J-001N,4254.46,1589.1,1731.601,142.501,142.501,16,25
BPS_RM_1,NKANGAMO_BPS,J-001N,4274.47,1589.68,1731.57,141.89,141.89,16,25
BPS_RM_1,NKANGAMO_BPS,J-001N,4294.47,1589.3,1731.539,142.239,142.239,16,25
BPS_RM_1,NKANGAMO_BPS,J-001N,4314.47,1589.03,1731.508,142.478,142.478,16,25
BPS_RM_1,NKANGAMO_BPS,J-001N,4334.48,1589.47,1731.477,142.007,142.007,16,25
BPS_RM_1,NKANGAMO_BPS,J-001N,4354.48,1589.25,1731.446,142.196,142.196,16,25
BPS_RM_1,NKANGAMO_BPS,J-001N,4374.48,1589.03,1731.414,142.384,142.384,16,25
BPS_RM_1,NKANGAMO_BPS,J-001N,4394.49,1588.45,1731.383,142.933,142.933,16,25
BPS_RM_1,NKANGAMO_BPS,J-001N,4414.49,1587.95,1731.352,143.402,143.402,16,25
BPS_RM_1,NKANGAMO_BPS,J-001N,4434.5,1588.45,1731.321,142.871,142.871,16,25
BPS_RM_1,NKANGAMO_BPS,J-001N,4454.52,1587.47,1731.29,143.82,143.82,16,25
BPS_RM_1,NKANGAMO_BPS,J-001N,4474.53,1587.04,1731.259,144.219,144.219,16,25
BPS_RM_1,NKANGAMO_BPS,J-001N,4494.53,1586.94,1731.227,144.287,144.287,16,25
BPS_RM_1,NKANGAMO_BPS,J-001N,4514.6,1585.26,1731.196,145.936,145.936,16,25
BPS_RM_1,NKANGAMO_BPS,J-001N,4534.61,1585.86,1731.165,145.305,145.305,16,25
BPS_RM_1,NKANGAMO_BPS,J-001N,4554.61,1585.88,1731.134,145.254,145.254,16,25
BPS_RM_1,NKANGAMO_BPS,J-001N,4574.64,1584.69,1731.103,146.413,146.413,16,25
BPS_RM_1,NKANGAMO_BPS,J-001N,4594.64,1584.72,1731.072,146.352,146.352,16,25
BPS_RM_1,NKANGAMO_BPS,J-001N,4614.67,1583.69,1731.04,147.35,147.35,16,25
BPS_RM_1,NKANGAMO_BPS,J-001N,4634.7,1582.56,1731.009,148.449,148.449,16,25
BPS_RM_1,NKANGAMO_BPS,J-001N,4654.71,1582.16,1730.978,148.818,148.818,16,25
BPS_RM_1,NKANGAMO_BPS,J-001N,4674.72,1581.51,1730.947,149.437,149.437,16,25
BPS_RM_1,NKANGAMO_BPS,J-001N,4694.72,1581.09,1730.916,149.826,149.826,16,25
BPS_RM_1,NKANGAMO_BPS,J-001N,4714.79,1579.41,1730.884,151.474,151.474,16,25
BPS_RM_1,NKANGAMO_BPS,J-001N,4734.8,1578.8,1730.853,152.053,152.053,16,25
BPS_RM_1,NKANGAMO_BPS,J-001N,4754.84,1577.55,1730.822,153.272,153.272,16,25
BPS_RM_1,NKANGAMO_BPS,J-001N,4774.88,1576.27,1730.791,154.521,154.521,16,25
BPS_RM_1,NKANGAMO_BPS,J-001N,4794.88,1575.92,1730.76,154.84,154.84,16,25
BPS_RM_1,NKANGAMO_BPS,J-001N,4814.97,1574.11,1730.728,156.618,156.618,16,25
BPS_RM_1,NKANGAMO_BPS,J-001N,4835.01,1575.5,1730.697,155.197,155.197,16,25
BPS_RM_1,NKANGAMO_BPS,J-001N,4855.01,1575.4,1730.666,155.266,155.266,16,25
BPS_RM_1,NKANGAMO_BPS,J-001N,4875.04,1576.46,1730.635,154.175,154.175,16,25
BPS_RM_1,NKANGAMO_BPS,J-001N,4895.06,1577.4,1730.604,153.204,153.204,16,25
BPS_RM_1,NKANGAMO_BPS,J-001N,4915.06,1577.28,1730.572,153.292,153.292,16,25
BPS_RM_1,NKANGAMO_BPS,J-001N,4935.09,1578.29,1730.541,152.251,152.251,16,25
BPS_RM_1,NKANGAMO_BPS,J-001N,4955.13,1577.03,1730.51,153.48,153.48,16,25
BPS_RM_1,NKANGAMO_BPS,J-001N,4975.14,1577.68,1730.479,152.799,152.799,16,25
BPS_RM_1,NKANGAMO_BPS,J-001N,4995.15,1578.14,1730.448,152.308,152.308,16,25
BPS_RM_1,NKANGAMO_BPS,J-001N,5015.15,1577.74,1730.417,152.677,152.677,16,25
BPS_RM_1,NKANGAMO_BPS,J-001N,5035.16,1578.48,1730.385,151.905,151.905,16,25
BPS_RM_1,NKANGAMO_BPS,J-001N,5055.19,1577.52,1730.354,152.834,152.834,16,25
BPS_RM_1,NKANGAMO_BPS,J-001N,5075.2,1578.27,1730.323,152.053,152.053,16,25
BPS_RM_1,NKANGAMO_BPS,J-001N,5095.21,1577.65,1730.292,152.642,152.642,16,25
BPS_RM_1,NKANGAMO_BPS,J-001N,5115.22,1578.38,1730.261,151.881,151.881,16,25
BPS_RM_1,NKANGAMO_BPS,J-001N,5135.25,1577.3,1730.229,152.929,152.929,16,25
BPS_RM_1,NKANGAMO_BPS,J-001N,5155.25,1577.13,1730.198,153.068,153.068,16,25
BPS_RM_1,NKANGAMO_BPS,J-001N,5175.26,1576.67,1730.167,153.497,153.497,16,25
BPS_RM_1,NKANGAMO_BPS,J-001N,5195.26,1576.17,1730.136,153.966,153.966,16,25
BPS_RM_1,NKANGAMO_BPS,J-001N,5215.27,1575.81,1730.105,154.295,154.295,16,25
BPS_RM_1,NKANGAMO_BPS,J-001N,5235.27,1575.29,1730.074,154.784,154.784,16,25
BPS_RM_1,NKANGAMO_BPS,J-001N,5255.28,1575.04,1730.042,155.002,155.002,16,25
BPS_RM_1,NKANGAMO_BPS,J-001N,5275.28,1574.65,1730.011,155.361,155.361,16,25
BPS_RM_1,NKANGAMO_BPS,J-001N,5295.28,1574.5,1729.98,155.48,155.48,16,25
BPS_RM_1,NKANGAMO_BPS,J-001N,5315.28,1574.34,1729.949,155.609,155.609,16,25
BPS_RM_1,NKANGAMO_BPS,J-001N,5335.3,1573.57,1729.918,156.348,156.348,16,25
BPS_RM_1,NKANGAMO_BPS,J-001N,5355.3,1573.05,1729.887,156.837,156.837,16,25
BPS_RM_1,NKANGAMO_BPS,J-001N,5375.31,1572.39,1729.856,157.466,157.466,16,25
BPS_RM_1,NKANGAMO_BPS,J-001N,5395.33,1571.6,1729.824,158.224,158.224,16,25
BPS_RM_1,NKANGAMO_BPS,J-001N,5415.36,1570.55,1729.793,159.243,159.243,16,25
BPS_RM_1,NKANGAMO_BPS,J-001N,5435.36,1570.6,1729.762,159.162,159.162,16,25
BPS_RM_1,NKANGAMO_BPS,J-001N,5455.43,1568.94,1729.731,160.791,160.791,16,25
BPS_RM_1,NKANGAMO_BPS,J-001N,5475.43,1568.45,1729.7,161.25,161.25,16,25
BPS_RM_1,NKANGAMO_BPS,J-001N,5495.47,1567.21,1729.668,162.458,162.458,16,25
BPS_RM_1,NKANGAMO_BPS,J-001N,5515.49,1566.37,1729.637,163.267,163.267,25,25
BPS_RM_1,NKANGAMO_BPS,J-001N,5535.52,1565.24,1729.606,164.366,164.366,25,25
BPS_RM_1,NKANGAMO_BPS,J-001N,5555.57,1563.87,1729.575,165.705,165.705,25,25
BPS_RM_1,NKANGAMO_BPS,J-001N,5575.61,1562.53,1729.544,167.014,167.014,25,25
BPS_RM_1,NKANGAMO_BPS,J-001N,5595.67,1560.95,1729.512,168.562,168.562,25,25
BPS_RM_1,NKANGAMO_BPS,J-001N,5615.67,1560.94,1729.481,168.541,168.541,25,25
BPS_RM_1,NKANGAMO_BPS,J-001N,5635.68,1560.37,1729.45,169.08,169.08,25,25
BPS_RM_1,NKANGAMO_BPS,J-001N,5655.88,1563.18,1729.418,166.238,166.238,25,25
BPS_RM_1,NKANGAMO_BPS,J-001N,5675.89,1563.96,1729.387,165.427,165.427,25,25
BPS_RM_1,NKANGAMO_BPS,J-001N,5695.91,1564.67,1729.356,164.686,164.686,25,25
BPS_RM_1,NKANGAMO_BPS,J-001N,5715.91,1564.44,1729.325,164.885,164.885,25,25
BPS_RM_1,NKANGAMO_BPS,J-001N,5735.91,1564.23,1729.294,165.064,165.064,25,25
BPS_RM_1,NKANGAMO_BPS,J-001N,5755.91,1564.68,1729.263,164.583,164.583,25,25
BPS_RM_1,NKANGAMO_BPS,J-001N,5776.05,1567.04,1729.231,162.191,162.191,16,25
BPS_RM_1,NKANGAMO_BPS,J-001N,5796.05,1566.81,1729.2,162.39,162.39,16,25
BPS_RM_1,NKANGAMO_BPS,J-001N,5816.07,1567.74,1729.169,161.429,161.429,16,25
BPS_RM_1,NKANGAMO_BPS,J-001N,5836.1,1568.66,1729.138,160.478,160.478,16,25
BPS_RM_1,NKANGAMO_BPS,J-001N,5856.1,1569.1,1729.107,160.007,160.007,16,25
BPS_RM_1,NKANGAMO_BPS,J-001N,5876.13,1570.12,1729.075,158.955,158.955,16,25
BPS_RM_1,NKANGAMO_BPS,J-001N,5896.16,1568.92,1729.044,160.124,160.124,16,25
BPS_RM_1,NKANGAMO_BPS,J-001N,5916.23,1570.53,1729.013,158.483,158.483,16,25
BPS_RM_1,NKANGAMO_BPS,J-001N,5936.23,1570.8,1728.982,158.182,158.182,16,25
BPS_RM_1,NKANGAMO_BPS,J-001N,5956.25,1571.76,1728.951,157.191,157.191,16,25
BPS_RM_1,NKANGAMO_BPS,J-001N,5976.26,1572.33,1728.919,156.589,156.589,16,25
BPS_RM_1,NKANGAMO_BPS,J-001N,5996.27,1572.87,1728.888,156.018,156.018,16,25
BPS_RM_1,NKANGAMO_BPS,J-001N,6016.27,1572.7,1728.857,156.157,156.157,16,25
BPS_RM_1,NKANGAMO_BPS,J-001N,6036.27,1572.77,1728.826,156.056,156.056,16,25
BPS_RM_1,NKANGAMO_BPS,J-001N,6056.29,1573.67,1728.795,155.125,155.125,16,25
BPS_RM_1,NKANGAMO_BPS,J-001N,6076.39,1571.63,1728.763,157.133,157.133,16,25
BPS_RM_1,NKANGAMO_BPS,J-001N,6096.52,1573.85,1728.732,154.882,154.882,16,25
BPS_RM_1,NKANGAMO_BPS,J-001N,6116.53,1573.2,1728.701,155.501,155.501,16,25
BPS_RM_1,NKANGAMO_BPS,J-001N,6136.6,1574.9,1728.67,153.77,153.77,16,25
BPS_RM_1,NKANGAMO_BPS,J-001N,6156.6,1574.86,1728.639,153.779,153.779,16,25
BPS_RM_1,NKANGAMO_BPS,J-001N,6176.6,1575.0,1728.607,153.607,153.607,16,25
BPS_RM_1,NKANGAMO_BPS,J-001N,6196.6,1574.81,1728.576,153.766,153.766,16,25
BPS_RM_1,NKANGAMO_BPS,J-001N,6216.65,1576.16,1728.545,152.385,152.385,16,25
BPS_RM_1,NKANGAMO_BPS,J-001N,6236.76,1574.04,1728.514,154.474,154.474,16,25
BPS_RM_1,NKANGAMO_BPS,J-001N,6256.76,1574.24,1728.482,154.242,154.242,16,25
BPS_RM_1,NKANGAMO_BPS,J-001N,6276.78,1573.36,1728.451,155.091,155.091,16,25
BPS_RM_1,NKANGAMO_BPS,J-001N,6296.79,1574.06,1728.42,154.36,154.36,16,25
BPS_RM_1,NKANGAMO_BPS,J-001N,6316.83,1575.28,1728.389,153.109,153.109,16,25
BPS_RM_1,NKANGAMO_BPS,J-001N,6336.85,1576.26,1728.358,152.098,152.098,16,25
BPS_RM_1,NKANGAMO_BPS,J-001N,6356.92,1577.92,1728.326,150.406,150.406,16,25
BPS_RM_1,NKANGAMO_BPS,J-001N,6376.95,1578.95,1728.295,149.345,149.345,16,25
BPS_RM_1,NKANGAMO_BPS,J-001N,6396.97,1579.96,1728.264,148.304,148.304,16,25
BPS_RM_1,NKANGAMO_BPS,J-001N,6416.98,1579.47,1728.233,148.763,148.763,16,25
BPS_RM_1,NKANGAMO_BPS,J-001N,6436.98,1579.6,1728.202,148.602,148.602,16,25
BPS_RM_1,NKANGAMO_BPS,J-001N,6456.98,1579.42,1728.171,148.751,148.751,16,25
BPS_RM_1,NKANGAMO_BPS,J-001N,6476.98,1579.35,1728.139,148.789,148.789,16,25
BPS_RM_1,NKANGAMO_BPS,J-001N,6497.0,1580.18,1728.108,147.928,147.928,16,25
BPS_RM_1,NKANGAMO_BPS,J-001N,6517.08,1582.05,1728.077,146.027,146.027,16,25
BPS_RM_1,NKANGAMO_BPS,J-001N,6537.11,1583.07,1728.046,144.976,144.976,16,25
BPS_RM_1,NKANGAMO_BPS,J-001N,6557.17,1584.65,1728.015,143.365,143.365,16,25
BPS_RM_1,NKANGAMO_BPS,J-001N,6577.24,1586.3,1727.983,141.683,141.683,16,25
BPS_RM_1,NKANGAMO_BPS,J-001N,6597.29,1587.65,1727.952,140.302,140.302,16,25
BPS_RM_1,NKANGAMO_BPS,J-001N,6617.41,1589.85,1727.921,138.071,138.071,16,25
BPS_RM_1,NKANGAMO_BPS,J-001N,6637.44,1591.04,1727.89,136.85,136.85,16,25
BPS_RM_1,NKANGAMO_BPS,J-001N,6657.47,1592.19,1727.858,135.668,135.668,16,25
BPS_RM_1,NKANGAMO_BPS,J-001N,6677.66,1594.95,1727.827,132.877,132.877,16,25
BPS_RM_1,NKANGAMO_BPS,J-001N,6697.72,1593.48,1727.796,134.316,134.316,16,25
BPS_RM_1,NKANGAMO_BPS,J-001N,6717.76,1594.73,1727.764,133.034,133.034,16,25
BPS_RM_1,NKANGAMO_BPS,J-001N,6737.76,1595.16,1727.733,132.573,132.573,16,25
BPS_RM_1,NKANGAMO_BPS,J-001N,6757.77,1595.84,1727.702,131.862,131.862,16,25
BPS_RM_1,NKANGAMO_BPS,J-001N,6777.79,1596.77,1727.671,130.901,130.901,16,25
BPS_RM_1,NKANGAMO_BPS,J-001N,6797.8,1597.1,1727.64,130.54,130.54,16,25
BPS_RM_1,NKANGAMO_BPS,J-001N,6817.81,1597.73,1727.609,129.879,129.879,16,25
BPS_RM_1,NKANGAMO_BPS,J-001N,6837.81,1598.12,1727.577,129.457,129.457,16,25
BPS_RM_1,NKANGAMO_BPS,J-001N,6857.82,1598.66,1727.546,128.886,128.886,16,25
BPS_RM_1,NKANGAMO_BPS,J-001N,6877.82,1599.06,1727.515,128.455,128.455,16,25
BPS_RM_1,NKANGAMO_BPS,J-001N,6898.06,1599.4,1727.484,128.084,128.084,16,25
BPS_RM_1,NKANGAMO_BPS,J-001N,6918.06,1599.05,1727.452,128.402,128.402,16,25
BPS_RM_1,NKANGAMO_BPS,J-001N,6938.06,1599.15,1727.421,128.271,128.271,16,25
BPS_RM_1,NKANGAMO_BPS,J-001N,6958.06,1599.19,1727.39,128.2,128.2,16,25
BPS_RM_1,NKANGAMO_BPS,J-001N,6978.06,1599.51,1727.359,127.849,127.849,16,25
BPS_RM_1,NKANGAMO_BPS,J-001N,6998.06,1599.5,1727.328,127.828,127.828,16,25
BPS_RM_1,NKANGAMO_BPS,J-001N,7017.3,1600.25,1727.298,127.048,127.048,16,25
BPS_RM_1,NKANGAMO_BPS,J-001N,7037.34,1601.6,1727.267,125.667,125.667,16,25
BPS_RM_1,NKANGAMO_BPS,J-001N,7057.34,1601.68,1727.235,125.555,125.555,16,25
BPS_RM_1,NKANGAMO_BPS,J-001N,7077.4,1603.2,1727.204,124.004,124.004,16,25
BPS_RM_1,NKANGAMO_BPS,J-001N,7097.41,1603.85,1727.173,123.323,123.323,16,25
BPS_RM_1,NKANGAMO_BPS,J-001N,7117.42,1604.55,1727.142,122.592,122.592,16,25
BPS_RM_1,NKANGAMO_BPS,J-001N,7137.44,1605.42,1727.111,121.691,121.691,16,25
BPS_RM_1,NKANGAMO_BPS,J-001N,7157.45,1605.97,1727.08,121.11,121.11,16,25
BPS_RM_1,NKANGAMO_BPS,J-001N,7177.49,1607.25,1727.048,119.798,119.798,16,25
BPS_RM_1,NKANGAMO_BPS,J-001N,7197.5,1607.77,1727.017,119.247,119.247,16,25
BPS_RM_1,NKANGAMO_BPS,J-001N,7217.52,1608.77,1726.986,118.216,118.216,16,25
BPS_RM_1,NKANGAMO_BPS,J-001N,7237.52,1609.13,1726.955,117.825,117.825,16,25
BPS_RM_1,NKANGAMO_BPS,J-001N,7257.54,1609.87,1726.924,117.054,117.054,16,25
BPS_RM_1,NKANGAMO_BPS,J-001N,7277.54,1610.19,1726.892,116.702,116.702,16,25
BPS_RM_1,NKANGAMO_BPS,J-001N,7297.56,1611.06,1726.861,115.801,115.801,16,25
BPS_RM_1,NKANGAMO_BPS,J-001N,7317.56,1610.97,1726.83,115.86,115.86,16,25
BPS_RM_1,NKANGAMO_BPS,J-001N,7337.56,1611.37,1726.799,115.429,115.429,16,25
BPS_RM_1,NKANGAMO_BPS,J-001N,7357.6,1612.6,1726.768,114.168,114.168,16,25
BPS_RM_1,NKANGAMO_BPS,J-001N,7377.62,1613.4,1726.737,113.337,113.337,16,25
BPS_RM_1,NKANGAMO_BPS,J-001N,7397.86,1615.02,1726.705,111.685,111.685,16,25
BPS_RM_1,NKANGAMO_BPS,J-001N,7417.86,1614.9,1726.674,111.774,111.774,16,25
BPS_RM_1,NKANGAMO_BPS,J-001N,7437.94,1616.67,1726.643,109.973,109.973,16,25
BPS_RM_1,NKANGAMO_BPS,J-001N,7458.04,1618.7,1726.611,107.911,107.911,16,25
BPS_RM_1,NKANGAMO_BPS,J-001N,7478.09,1620.09,1726.58,106.49,106.49,16,25
BPS_RM_1,NKANGAMO_BPS,J-001N,7498.14,1621.52,1726.549,105.029,105.029,16,25
BPS_RM_1,NKANGAMO_BPS,J-001N,7518.16,1622.25,1726.518,104.268,104.268,16,16
BPS_RM_1,NKANGAMO_BPS,J-001N,7538.2,1623.51,1726.486,102.976,102.976,16,16
BPS_RM_1,NKANGAMO_BPS,J-001N,7558.33,1625.8,1726.455,100.655,100.655,10,16
BPS_RM_1,NKANGAMO_BPS,J-001N,7578.36,1626.97,1726.424,99.454,99.454,10,16
BPS_RM_1,NKANGAMO_BPS,J-001N,7598.44,1628.72,1726.393,97.673,97.673,10,16
BPS_RM_1,NKANGAMO_BPS,J-001N,7618.55,1630.82,1726.361,95.541,95.541,10,16
BPS_RM_1,NKANGAMO_BPS,J-001N,7638.58,1632.0,1726.33,94.33,94.33,10,16
BPS_RM_1,NKANGAMO_BPS,J-001N,7658.63,1633.43,1726.299,92.869,92.869,10,16
BPS_RM_1,NKANGAMO_BPS,J-001N,7678.65,1634.31,1726.268,91.958,91.958,10,16
BPS_RM_1,NKANGAMO_BPS,J-001N,7698.71,1635.84,1726.236,90.396,90.396,10,16
BPS_RM_1,NKANGAMO_BPS,J-001N,7718.72,1636.41,1726.205,89.795,89.795,10,16
BPS_RM_1,NKANGAMO_BPS,J-001N,7738.75,1637.56,1726.174,88.614,88.614,10,16
BPS_RM_1,NKANGAMO_BPS,J-001N,7758.77,1638.39,1726.143,87.753,87.753,10,16
BPS_RM_1,NKANGAMO_BPS,J-001N,7778.79,1639.38,1726.112,86.732,86.732,10,16
BPS_RM_1,NKANGAMO_BPS,J-001N,7798.8,1639.64,1726.081,86.441,86.441,10,16
BPS_RM_1,NKANGAMO_BPS,J-001N,7818.82,1640.65,1726.049,85.399,85.399,10,16
BPS_RM_1,NKANGAMO_BPS,J-001N,7838.82,1640.65,1726.018,85.368,85.368,10,16
BPS_RM_1,NKANGAMO_BPS,J-001N,7858.84,1641.49,1725.987,84.497,84.497,10,16
BPS_RM_1,NKANGAMO_BPS,J-001N,7878.85,1642.23,1725.956,83.726,83.726,10,16
BPS_RM_1,NKANGAMO_BPS,J-001N,7898.85,1642.24,1725.925,83.685,83.685,10,16
BPS_RM_1,NKANGAMO_BPS,J-001N,7918.86,1642.75,1725.894,83.144,83.144,10,16
BPS_RM_1,NKANGAMO_BPS,J-001N,7938.87,1643.3,1725.862,82.562,82.562,10,16
BPS_RM_1,NKANGAMO_BPS,J-001N,7958.87,1643.65,1725.831,82.181,82.181,10,16
BPS_RM_1,NKANGAMO_BPS,J-001N,7978.87,1643.86,1725.8,81.94,81.94,10,16
BPS_RM_1,NKANGAMO_BPS,J-001N,7998.87,1644.14,1725.769,81.629,81.629,10,16
BPS_RM_1,NKANGAMO_BPS,J-001N,8018.88,1644.79,1725.738,80.948,80.948,10,16
BPS_RM_1,NKANGAMO_BPS,J-001N,8038.88,1645.03,1725.707,80.677,80.677,10,16
BPS_RM_1,NKANGAMO_BPS,J-001N,8058.89,1645.68,1725.675,79.995,79.995,10,16
BPS_RM_1,NKANGAMO_BPS,J-001N,8078.9,1645.37,1725.644,80.274,80.274,10,16
BPS_RM_1,NKANGAMO_BPS,J-001N,8098.9,1645.8,1725.613,79.813,79.813,10,16
BPS_RM_1,NKANGAMO_BPS,J-001N,8118.91,1646.31,1725.582,79.272,79.272,10,16
BPS_RM_1,NKANGAMO_BPS,J-001N,8138.91,1646.65,1725.551,78.901,78.901,10,16
BPS_RM_1,NKANGAMO_BPS,J-001N,8158.92,1647.17,1725.52,78.35,78.35,10,16
BPS_RM_1,NKANGAMO_BPS,J-001N,8178.93,1647.89,1725.488,77.598,77.598,10,16
BPS_RM_1,NKANGAMO_BPS,J-001N,8198.93,1647.77,1725.457,77.687,77.687,10,16
BPS_RM_1,NKANGAMO_BPS,J-001N,8218.93,1648.02,1725.426,77.406,77.406,10,16
BPS_RM_1,NKANGAMO_BPS,J-001N,8238.94,1648.62,1725.395,76.775,76.775,10,16
BPS_RM_1,NKANGAMO_BPS,J-001N,8258.95,1649.06,1725.364,76.304,76.304,10,16
BPS_RM_1,NKANGAMO_BPS,J-001N,8278.95,1649.15,1725.333,76.183,76.183,10,16
BPS_RM_1,NKANGAMO_BPS,J-001N,8298.95,1649.55,1725.301,75.751,75.751,10,16
BPS_RM_1,NKANGAMO_BPS,J-001N,8318.95,1649.91,1725.27,75.36,75.36,10,16
BPS_RM_1,NKANGAMO_BPS,J-001N,8338.96,1650.4,1725.239,74.839,74.839,10,16
BPS_RM_1,NKANGAMO_BPS,J-001N,8358.96,1650.6,1725.208,74.608,74.608,10,16
BPS_RM_1,NKANGAMO_BPS,J-001N,8378.96,1650.85,1725.177,74.327,74.327,10,16
BPS_RM_1,NKANGAMO_BPS,J-001N,8398.97,1651.34,1725.146,73.806,73.806,10,16
BPS_RM_1,NKANGAMO_BPS,J-001N,8418.97,1651.73,1725.114,73.384,73.384,10,16
BPS_RM_1,NKANGAMO_BPS,J-001N,8439.03,1652.57,1725.083,72.513,72.513,10,16
BPS_RM_1,NKANGAMO_BPS,J-001N,8459.08,1653.93,1725.052,71.122,71.122,10,16
BPS_RM_1,NKANGAMO_BPS,J-001N,8479.08,1654.07,1725.021,70.951,70.951,10,16
BPS_RM_1,NKANGAMO_BPS,J-001N,8499.09,1654.68,1724.99,70.31,70.31,10,16
BPS_RM_1,NKANGAMO_BPS,J-001N,8519.12,1655.88,1724.958,69.078,69.078,10,16
BPS_RM_1,NKANGAMO_BPS,J-001N,8539.14,1656.7,1724.927,68.227,68.227,10,16
BPS_RM_1,NKANGAMO_BPS,J-001N,8559.15,1657.31,1724.896,67.586,67.586,10,16
BPS_RM_1,NKANGAMO_BPS,J-001N,8579.15,1657.71,1724.865,67.155,67.155,10,16
BPS_RM_1,NKANGAMO_BPS,J-001N,8599.15,1657.89,1724.834,66.944,66.944,10,16
BPS_RM_1,NKANGAMO_BPS,J-001N,8619.17,1658.68,1724.803,66.123,66.123,10,16
BPS_RM_1,NKANGAMO_BPS,J-001N,8639.18,1659.35,1724.771,65.421,65.421,10,16
BPS_RM_1,NKANGAMO_BPS,J-001N,8659.25,1660.97,1724.74,63.77,63.77,10,16
BPS_RM_1,NKANGAMO_BPS,J-001N,8679.25,1661.22,1724.709,63.489,63.489,10,16
BPS_RM_1,NKANGAMO_BPS,J-001N,8699.26,1662.07,1724.678,62.608,62.608,10,16
BPS_RM_1,NKANGAMO_BPS,J-001N,8719.29,1663.09,1724.647,61.557,61.557,10,16
BPS_RM_1,NKANGAMO_BPS,J-001N,8739.29,1663.41,1724.616,61.206,61.206,10,16
BPS_RM_1,NKANGAMO_BPS,J-001N,8759.32,1664.49,1724.584,60.094,60.094,10,16
BPS_RM_1,NKANGAMO_BPS,J-001N,8779.32,1664.76,1724.553,59.793,59.793,10,16
BPS_RM_1,NKANGAMO_BPS,J-001N,8799.34,1665.55,1724.522,58.972,58.972,10,16
BPS_RM_1,NKANGAMO_BPS,J-001N,8819.37,1666.6,1724.491,57.891,57.891,10,16
BPS_RM_1,NKANGAMO_BPS,J-001N,8839.39,1667.45,1724.46,57.01,57.01,10,16
BPS_RM_1,NKANGAMO_BPS,J-001N,8859.41,1668.33,1724.428,56.098,56.098,10,16
BPS_RM_1,NKANGAMO_BPS,J-001N,8879.42,1669.12,1724.397,55.277,55.277,10,16
BPS_RM_1,NKANGAMO_BPS,J-001N,8899.43,1669.58,1724.366,54.786,54.786,10,16
BPS_RM_1,NKANGAMO_BPS,J-001N,8919.45,1670.49,1724.335,53.845,53.845,10,16
BPS_RM_1,NKANGAMO_BPS,J-001N,8939.47,1671.35,1724.304,52.954,52.954,10,16
BPS_RM_1,NKANGAMO_BPS,J-001N,8959.47,1671.75,1724.273,52.523,52.523,10,16
BPS_RM_1,NKANGAMO_BPS,J-001N,8979.49,1672.57,1724.241,51.671,51.671,10,16
BPS_RM_1,NKANGAMO_BPS,J-001N,8999.51,1673.53,1724.21,50.68,50.68,10,16
BPS_RM_1,NKANGAMO_BPS,J-001N,9019.51,1673.89,1724.179,50.289,50.289,10,16
BPS_RM_1,NKANGAMO_BPS,J-001N,9039.52,1674.38,1724.148,49.768,49.768,10,16
BPS_RM_1,NKANGAMO_BPS,J-001N,9059.54,1675.31,1724.117,48.807,48.807,10,16
BPS_RM_1,NKANGAMO_BPS,J-001N,9079.56,1676.25,1724.086,47.836,47.836,10,16
BPS_RM_1,NKANGAMO_BPS,J-001N,9099.57,1676.61,1724.054,47.444,47.444,10,16
BPS_RM_1,NKANGAMO_BPS,J-001N,9119.59,1677.66,1724.023,46.363,46.363,10,16
BPS_RM_1,NKANGAMO_BPS,J-001N,9139.59,1677.94,1723.992,46.052,46.052,10,16
BPS_RM_1,NKANGAMO_BPS,J-001N,9159.61,1678.64,1723.961,45.321,45.321,10,16
BPS_RM_1,NKANGAMO_BPS,J-001N,9179.62,1679.28,1723.93,44.65,44.65,10,16
BPS_RM_1,NKANGAMO_BPS,J-001N,9199.62,1679.78,1723.899,44.119,44.119,10,16
BPS_RM_1,NKANGAMO_BPS,J-001N,9219.63,1680.18,1723.867,43.687,43.687,10,16
BPS_RM_1,NKANGAMO_BPS,J-001N,9239.64,1680.99,1723.836,42.846,42.846,10,16
BPS_RM_1,NKANGAMO_BPS,J-001N,9259.67,1682.1,1723.805,41.705,41.705,10,16
BPS_RM_1,NKANGAMO_BPS,J-001N,9275.48,1682.86,1723.78,40.92,40.92,10,16
BPS_RM_1,NKANGAMO_BPS,J-001N,9295.52,1681.67,1723.749,42.079,42.079,10,16
BPS_RM_1,NKANGAMO_BPS,J-001N,9315.52,1681.69,1723.718,42.028,42.028,10,16
BPS_RM_1,NKANGAMO_BPS,J-001N,9335.52,1681.54,1723.687,42.147,42.147,10,16
BPS_RM_1,NKANGAMO_BPS,J-001N,9355.58,1683.06,1723.656,40.596,40.596,10,16
BPS_RM_1,NKANGAMO_BPS,J-001N,9375.59,1682.36,1723.624,41.264,41.264,10,16
BPS_RM_1,NKANGAMO_BPS,J-001N,9395.6,1683.16,1723.593,40.433,40.433,10,16
BPS_RM_1,NKANGAMO_BPS,J-001N,9415.64,1681.99,1723.562,41.572,41.572,10,16
BPS_RM_1,NKANGAMO_BPS,J-001N,9435.64,1682.12,1723.531,41.411,41.411,10,16
BPS_RM_1,NKANGAMO_BPS,J-001N,9455.64,1682.29,1723.5,41.21,41.21,10,16
BPS_RM_1,NKANGAMO_BPS,J-001N,9475.86,1682.19,1723.468,41.278,41.278,10,16
BPS_RM_1,NKANGAMO_BPS,J-001N,9495.86,1682.46,1723.437,40.977,40.977,10,16
BPS_RM_1,NKANGAMO_BPS,J-001N,9515.87,1681.99,1723.406,41.416,41.416,10,16
BPS_RM_1,NKANGAMO_BPS,J-001N,9535.93,1683.59,1723.375,39.785,39.785,10,16
BPS_RM_1,NKANGAMO_BPS,J-001N,9555.96,1682.61,1723.343,40.733,40.733,10,16
BPS_RM_1,NKANGAMO_BPS,J-001N,9575.96,1682.82,1723.312,40.492,40.492,10,16
BPS_RM_1,NKANGAMO_BPS,J-001N,9595.97,1681.97,1723.281,41.311,41.311,10,16
BPS_RM_1,NKANGAMO_BPS,J-001N,9616.03,1683.45,1723.25,39.8,39.8,10,16
BPS_RM_1,NKANGAMO_BPS,J-001N,9636.04,1682.91,1723.219,40.309,40.309,10,16
BPS_RM_1,NKANGAMO_BPS,J-001N,9656.05,1682.33,1723.188,40.858,40.858,10,16
BPS_RM_1,NKANGAMO_BPS,J-001N,9676.06,1682.98,1723.156,40.176,40.176,10,16
BPS_RM_1,NKANGAMO_BPS,J-001N,9696.06,1683.16,1723.125,39.965,39.965,10,16
BPS_RM_1,NKANGAMO_BPS,J-001N,9716.06,1683.61,1723.094,39.484,39.484,10,16
BPS_RM_1,NKANGAMO_BPS,J-001N,9736.07,1684.16,1723.063,38.903,38.903,10,16
BPS_RM_1,NKANGAMO_BPS,J-001N,9756.07,1684.27,1723.032,38.762,38.762,10,16
BPS_RM_1,NKANGAMO_BPS,J-001N,9776.07,1684.52,1723.001,38.481,38.481,10,16
BPS_RM_1,NKANGAMO_BPS,J-001N,9796.08,1684.93,1722.969,38.039,38.039,10,16
BPS_RM_1,NKANGAMO_BPS,J-001N,9816.08,1684.97,1722.938,37.968,37.968,10,16
BPS_RM_1,NKANGAMO_BPS,J-001N,9836.08,1684.87,1722.907,38.037,38.037,10,16
BPS_RM_1,NKANGAMO_BPS,J-001N,9856.14,1686.51,1722.876,36.366,36.366,10,16
BPS_RM_1,NKANGAMO_BPS,J-001N,9876.14,1686.55,1722.845,36.295,36.295,10,16
BPS_RM_1,NKANGAMO_BPS,J-001N,9896.15,1687.03,1722.814,35.784,35.784,10,16
BPS_RM_1,NKANGAMO_BPS,J-001N,9916.16,1687.61,1722.782,35.172,35.172,10,16
BPS_RM_1,NKANGAMO_BPS,J-001N,9936.16,1687.85,1722.751,34.901,34.901,10,16
BPS_RM_1,NKANGAMO_BPS,J-001N,9956.16,1688.23,1722.72,34.49,34.49,10,16
BPS_RM_1,NKANGAMO_BPS,J-001N,9976.17,1688.73,1722.689,33.959,33.959,10,16
BPS_RM_1,NKANGAMO_BPS,J-001N,9996.17,1689.06,1722.658,33.598,33.598,10,16
BPS_RM_1,NKANGAMO_BPS,J-001N,10016.18,1689.61,1722.627,33.017,33.017,10,16
BPS_RM_1,NKANGAMO_BPS,J-001N,10036.18,1689.74,1722.595,32.855,32.855,10,16
BPS_RM_1,NKANGAMO_BPS,J-001N,10056.19,1690.32,1722.564,32.244,32.244,10,16
BPS_RM_1,NKANGAMO_BPS,J-001N,10076.19,1690.58,1722.533,31.953,31.953,10,16
BPS_RM_1,NKANGAMO_BPS,J-001N,10096.19,1691.07,1722.502,31.432,31.432,10,16
BPS_RM_1,NKANGAMO_BPS,J-001N,10116.21,1691.72,1722.471,30.751,30.751,10,10
BPS_RM_1,NKANGAMO_BPS,J-001N,10136.21,1691.96,1722.44,30.48,30.48,10,10
BPS_RM_1,NKANGAMO_BPS,J-001N,10156.21,1692.41,1722.408,29.998,29.998,10,10
BPS_RM_1,NKANGAMO_BPS,J-001N,10176.23,1693.16,1722.377,29.217,29.217,10,10
BPS_RM_1,NKANGAMO_BPS,J-001N,10196.23,1693.14,1722.346,29.206,29.206,10,10
BPS_RM_1,NKANGAMO_BPS,J-001N,10216.23,1693.26,1722.315,29.055,29.055,10,10
BPS_RM_1,NKANGAMO_BPS,J-001N,10236.23,1693.57,1722.284,28.714,28.714,10,10
BPS_RM_1,NKANGAMO_BPS,J-001N,10256.23,1693.79,1722.253,28.463,28.463,10,10
BPS_RM_1,NKANGAMO_BPS,J-001N,10276.24,1694.28,1722.221,27.941,27.941,10,10
BPS_RM_1,NKANGAMO_BPS,J-001N,10296.24,1694.55,1722.19,27.64,27.64,10,10
BPS_RM_1,NKANGAMO_BPS,J-001N,10316.24,1694.79,1722.159,27.369,27.369,10,10
BPS_RM_1,NKANGAMO_BPS,J-001N,10336.24,1694.91,1722.128,27.218,27.218,10,10
BPS_RM_1,NKANGAMO_BPS,J-001N,10356.24,1695.21,1722.097,26.887,26.887,10,10
BPS_RM_1,NKANGAMO_BPS,J-001N,10376.24,1694.94,1722.066,27.126,27.126,10,10
BPS_RM_1,NKANGAMO_BPS,J-001N,10396.24,1695.08,1722.035,26.955,26.955,10,10
BPS_RM_1,NKANGAMO_BPS,J-001N,10416.24,1695.04,1722.003,26.963,26.963,10,10
BPS_RM_1,NKANGAMO_BPS,J-001N,10436.25,1695.32,1721.972,26.652,26.652,10,10
BPS_RM_1,NKANGAMO_BPS,J-001N,10456.25,1695.19,1721.941,26.751,26.751,10,10
BPS_RM_1,NKANGAMO_BPS,J-001N,10476.25,1694.94,1721.91,26.97,26.97,10,10
BPS_RM_1,NKANGAMO_BPS,J-001N,10496.25,1694.92,1721.879,26.959,26.959,10,10
BPS_RM_1,NKANGAMO_BPS,J-001N,10516.25,1694.83,1721.848,27.018,27.018,10,10
BPS_RM_1,NKANGAMO_BPS,J-001N,10536.25,1694.4,1721.816,27.416,27.416,10,10
BPS_RM_1,NKANGAMO_BPS,J-001N,10556.25,1694.39,1721.785,27.395,27.395,10,10
BPS_RM_1,NKANGAMO_BPS,J-001N,10576.28,1693.31,1721.754,28.444,28.444,10,10
BPS_RM_1,NKANGAMO_BPS,J-001N,10596.28,1693.58,1721.723,28.143,28.143,10,10
BPS_RM_1,NKANGAMO_BPS,J-001N,10616.29,1693.16,1721.692,28.532,28.532,10,10
BPS_RM_1,NKANGAMO_BPS,J-001N,10636.29,1693.01,1721.661,28.651,28.651,10,10
BPS_RM_1,NKANGAMO_BPS,J-001N,10656.3,1692.51,1721.629,29.119,29.119,10,10
BPS_RM_1,NKANGAMO_BPS,J-001N,10676.3,1692.11,1721.598,29.488,29.488,10,10
BPS_RM_1,NKANGAMO_BPS,J-001N,10696.3,1691.66,1721.567,29.907,29.907,10,10
BPS_RM_1,NKANGAMO_BPS,J-001N,10716.31,1691.39,1721.536,30.146,30.146,10,10
BPS_RM_1,NKANGAMO_BPS,J-001N,10736.32,1690.71,1721.505,30.795,30.795,10,10
BPS_RM_1,NKANGAMO_BPS,J-001N,10756.32,1690.21,1721.474,31.264,31.264,10,10
BPS_RM_1,NKANGAMO_BPS,J-001N,10776.33,1689.89,1721.443,31.553,31.553,10,16
BPS_RM_1,NKANGAMO_BPS,J-001N,10796.35,1688.94,1721.411,32.471,32.471,10,16
BPS_RM_1,NKANGAMO_BPS,J-001N,10816.35,1688.71,1721.38,32.67,32.67,10,16
BPS_RM_1,NKANGAMO_BPS,J-001N,10836.36,1688.01,1721.349,33.339,33.339,10,16
BPS_RM_1,NKANGAMO_BPS,J-001N,10856.36,1687.8,1721.318,33.518,33.518,10,16
BPS_RM_1,NKANGAMO_BPS,J-001N,10876.38,1687.07,1721.287,34.217,34.217,10,16
BPS_RM_1,NKANGAMO_BPS,J-001N,10896.38,1687.0,1721.256,34.256,34.256,10,16
BPS_RM_1,NKANGAMO_BPS,J-001N,10916.39,1686.34,1721.224,34.884,34.884,10,16
BPS_RM_1,NKANGAMO_BPS,J-001N,10936.4,1685.76,1721.193,35.433,35.433,10,16
BPS_RM_1,NKANGAMO_BPS,J-001N,10956.4,1685.72,1721.162,35.442,35.442,10,16
BPS_RM_1,NKANGAMO_BPS,J-001N,10976.41,1685.11,1721.131,36.021,36.021,10,16
BPS_RM_1,NKANGAMO_BPS,J-001N,10996.41,1684.9,1721.1,36.2,36.2,10,16
BPS_RM_1,NKANGAMO_BPS,J-001N,11015.91,1684.79,1721.069,36.279,36.279,10,16
BPS_RM_1,NKANGAMO_BPS,J-001N,11035.91,1684.3,1721.038,36.738,36.738,10,16
BPS_RM_1,NKANGAMO_BPS,J-001N,11055.91,1684.23,1721.007,36.777,36.777,10,16
BPS_RM_1,NKANGAMO_BPS,J-001N,11075.91,1684.49,1720.976,36.486,36.486,10,16
BPS_RM_1,NKANGAMO_BPS,J-001N,11095.92,1684.15,1720.945,36.795,36.795,10,16
BPS_RM_1,NKANGAMO_BPS,J-001N,11115.92,1683.78,1720.914,37.134,37.134,10,16
BPS_RM_1,NKANGAMO_BPS,J-001N,11135.92,1683.68,1720.882,37.202,37.202,10,16
BPS_RM_1,NKANGAMO_BPS,J-001N,11155.92,1683.86,1720.851,36.991,36.991,10,16
BPS_RM_1,NKANGAMO_BPS,J-001N,11175.93,1683.43,1720.82,37.39,37.39,10,16
BPS_RM_1,NKANGAMO_BPS,J-001N,11195.93,1683.57,1720.789,37.219,37.219,10,16
BPS_RM_1,NKANGAMO_BPS,J-001N,11215.93,1683.56,1720.758,37.198,37.198,10,16
BPS_RM_1,NKANGAMO_BPS,J-001N,11235.85,1683.84,1720.727,36.887,36.887,10,16
BPS_RM_1,NKANGAMO_BPS,J-001N,11255.85,1683.68,1720.696,37.016,37.016,10,16
BPS_RM_1,NKANGAMO_BPS,J-001N,11275.85,1684.1,1720.664,36.564,36.564,10,16
BPS_RM_1,NKANGAMO_BPS,J-001N,11295.86,1683.82,1720.633,36.813,36.813,10,16
BPS_RM_1,NKANGAMO_BPS,J-001N,11315.86,1684.4,1720.602,36.202,36.202,10,16
BPS_RM_1,NKANGAMO_BPS,J-001N,11335.86,1684.42,1720.571,36.151,36.151,10,16
BPS_RM_1,NKANGAMO_BPS,J-001N,11355.87,1684.69,1720.54,35.85,35.85,10,16
BPS_RM_1,NKANGAMO_BPS,J-001N,11375.87,1684.83,1720.509,35.679,35.679,10,16
BPS_RM_1,NKANGAMO_BPS,J-001N,11395.87,1684.94,1720.477,35.537,35.537,10,16
BPS_RM_1,NKANGAMO_BPS,J-001N,11415.87,1685.16,1720.446,35.286,35.286,10,16
BPS_RM_1,NKANGAMO_BPS,J-001N,11435.87,1685.23,1720.415,35.185,35.185,10,16
BPS_RM_1,NKANGAMO_BPS,J-001N,11455.89,1686.06,1720.384,34.324,34.324,10,16
BPS_RM_1,NKANGAMO_BPS,J-001N,11475.89,1685.98,1720.353,34.373,34.373,10,16
BPS_RM_1,NKANGAMO_BPS,J-001N,11495.89,1685.87,1720.322,34.452,34.452,10,16
BPS_RM_1,NKANGAMO_BPS,J-001N,11515.89,1686.05,1720.291,34.241,34.241,10,16
BPS_RM_1,NKANGAMO_BPS,J-001N,11535.89,1686.12,1720.259,34.139,34.139,10,16
BPS_RM_1,NKANGAMO_BPS,J-001N,11555.89,1686.4,1720.228,33.828,33.828,10,16
BPS_RM_1,NKANGAMO_BPS,J-001N,11575.89,1686.79,1720.197,33.407,33.407,10,16
BPS_RM_1,NKANGAMO_BPS,J-001N,11595.89,1686.86,1720.166,33.306,33.306,10,16
BPS_RM_1,NKANGAMO_BPS,J-001N,11615.89,1687.09,1720.135,33.045,33.045,10,16
BPS_RM_1,NKANGAMO_BPS,J-001N,11635.9,1687.38,1720.104,32.724,32.724,10,16
BPS_RM_1,NKANGAMO_BPS,J-001N,11655.91,1688.06,1720.072,32.012,32.012,10,16
BPS_RM_1,NKANGAMO_BPS,J-001N,11675.91,1688.18,1720.041,31.861,31.861,10,16
BPS_RM_1,NKANGAMO_BPS,J-001N,11695.91,1687.98,1720.01,32.03,32.03,10,16
BPS_RM_1,NKANGAMO_BPS,J-001N,11715.91,1687.89,1719.979,32.089,32.089,10,16
BPS_RM_1,NKANGAMO_BPS,J-001N,11735.92,1688.37,1719.948,31.578,31.578,10,16
BPS_RM_1,NKANGAMO_BPS,J-001N,11755.92,1688.53,1719.917,31.387,31.387,10,16
BPS_RM_1,NKANGAMO_BPS,J-001N,11775.92,1688.34,1719.885,31.545,31.545,10,16
BPS_RM_1,NKANGAMO_BPS,J-001N,11795.92,1688.43,1719.854,31.424,31.424,10,16
BPS_RM_1,NKANGAMO_BPS,J-001N,11815.92,1688.45,1719.823,31.373,31.373,10,16
BPS_RM_1,NKANGAMO_BPS,J-001N,11835.92,1688.48,1719.792,31.312,31.312,10,16
BPS_RM_1,NKANGAMO_BPS,J-001N,11855.92,1688.24,1719.761,31.521,31.521,10,16
BPS_RM_1,NKANGAMO_BPS,J-001N,11875.92,1687.94,1719.73,31.79,31.79,10,16
BPS_RM_1,NKANGAMO_BPS,J-001N,11895.92,1687.88,1719.699,31.819,31.819,10,16
BPS_RM_1,NKANGAMO_BPS,J-001N,11915.93,1687.24,1719.667,32.427,32.427,10,16
BPS_RM_1,NKANGAMO_BPS,J-001N,11935.93,1687.24,1719.636,32.396,32.396,10,16
BPS_RM_1,NKANGAMO_BPS,J-001N,11955.93,1687.03,1719.605,32.575,32.575,10,16
BPS_RM_1,NKANGAMO_BPS,J-001N,11975.94,1686.46,1719.574,33.114,33.114,10,16
BPS_RM_1,NKANGAMO_BPS,J-001N,11995.85,1686.95,1719.543,32.593,32.593,10,16
BPS_RM_1,NKANGAMO_BPS,J-001N,12015.86,1686.23,1719.512,33.282,33.282,10,16
BPS_RM_1,NKANGAMO_BPS,J-001N,12035.86,1686.23,1719.481,33.251,33.251,10,16
BPS_RM_1,NKANGAMO_BPS,J-001N,12055.86,1685.78,1719.449,33.669,33.669,10,16
BPS_RM_1,NKANGAMO_BPS,J-001N,12075.86,1685.78,1719.418,33.638,33.638,10,16
BPS_RM_1,NKANGAMO_BPS,J-001N,12095.88,1685.05,1719.387,34.337,34.337,10,16
BPS_RM_1,NKANGAMO_BPS,J-001N,12115.88,1684.83,1719.356,34.526,34.526,10,16
BPS_RM_1,NKANGAMO_BPS,J-001N,12135.91,1683.68,1719.325,35.645,35.645,10,16
BPS_RM_1,NKANGAMO_BPS,J-001N,12155.92,1683.27,1719.294,36.024,36.024,10,16
BPS_RM_1,NKANGAMO_BPS,J-001N,12175.92,1683.62,1719.262,35.642,35.642,10,16
BPS_RM_1,NKANGAMO_BPS,J-001N,12195.99,1681.94,1719.231,37.291,37.291,10,16
BPS_RM_1,NKANGAMO_BPS,J-001N,12216.02,1680.85,1719.2,38.35,38.35,10,16
BPS_RM_1,NKANGAMO_BPS,J-001N,12236.02,1680.5,1719.169,38.669,38.669,10,16
BPS_RM_1,NKANGAMO_BPS,J-001N,12256.05,1679.4,1719.138,39.738,39.738,10,16
BPS_RM_1,NKANGAMO_BPS,J-001N,12276.07,1678.46,1719.106,40.646,40.646,10,16
BPS_RM_1,NKANGAMO_BPS,J-001N,12296.13,1676.94,1719.075,42.135,42.135,10,16
BPS_RM_1,NKANGAMO_BPS,J-001N,12316.14,1676.37,1719.044,42.674,42.674,10,16
BPS_RM_1,NKANGAMO_BPS,J-001N,12336.28,1673.98,1719.013,45.033,45.033,10,16
BPS_RM_1,NKANGAMO_BPS,J-001N,12356.28,1673.98,1718.981,45.001,45.001,10,16
BPS_RM_1,NKANGAMO_BPS,J-001N,12376.68,1669.97,1718.95,48.98,48.98,10,16
BPS_RM_1,NKANGAMO_BPS,J-001N,12396.68,1669.76,1718.919,49.159,49.159,10,16
BPS_RM_1,NKANGAMO_BPS,J-001N,12417.0,1666.2,1718.887,52.687,52.687,10,16
BPS_RM_1,NKANGAMO_BPS,J-001N,12437.0,1666.26,1718.856,52.596,52.596,10,16
BPS_RM_1,NKANGAMO_BPS,J-001N,12457.0,1666.26,1718.825,52.565,52.565,10,16
BPS_RM_1,NKANGAMO_BPS,J-001N,12477.68,1661.0,1718.792,57.792,57.792,10,16
BPS_RM_1,NKANGAMO_BPS,J-001N,12497.68,1661.01,1718.761,57.751,57.751,10,16
BPS_RM_1,NKANGAMO_BPS,J-001N,12517.69,1660.67,1718.73,58.06,58.06,10,16
BPS_RM_1,NKANGAMO_BPS,J-001N,12537.71,1659.86,1718.699,58.839,58.839,10,16
BPS_RM_1,NKANGAMO_BPS,J-001N,12557.71,1659.86,1718.668,58.808,58.808,10,16
BPS_RM_1,NKANGAMO_BPS,J-001N,12577.71,1659.36,1718.637,59.277,59.277,10,16
BPS_RM_1,NKANGAMO_BPS,J-001N,12597.74,1658.3,1718.605,60.305,60.305,10,16
BPS_RM_1,NKANGAMO_BPS,J-001N,12617.74,1658.3,1718.574,60.274,60.274,10,16
BPS_RM_1,NKANGAMO_BPS,J-001N,12637.74,1658.07,1718.543,60.473,60.473,10,16
BPS_RM_1,NKANGAMO_BPS,J-001N,12657.83,1656.24,1718.512,62.272,62.272,10,16
BPS_RM_1,NKANGAMO_BPS,J-001N,12677.84,1657.09,1718.481,61.391,61.391,10,16
BPS_RM_1,NKANGAMO_BPS,J-001N,12697.89,1655.71,1718.449,62.739,62.739,10,16
BPS_RM_1,NKANGAMO_BPS,J-001N,12718.02,1653.46,1718.418,64.958,64.958,10,16
BPS_RM_1,NKANGAMO_BPS,J-001N,12738.05,1652.27,1718.387,66.117,66.117,10,16
BPS_RM_1,NKANGAMO_BPS,J-001N,12758.28,1650.48,1718.355,67.875,67.875,10,16
BPS_RM_1,NKANGAMO_BPS,J-001N,12778.34,1648.95,1718.324,69.374,69.374,10,16
BPS_RM_1,NKANGAMO_BPS,J-001N,12798.38,1650.25,1718.293,68.043,68.043,10,16
BPS_RM_1,NKANGAMO_BPS,J-001N,12818.45,1651.94,1718.262,66.322,66.322,10,16
BPS_RM_1,NKANGAMO_BPS,J-001N,12838.61,1654.42,1718.23,63.81,63.81,10,16
BPS_RM_1,NKANGAMO_BPS,J-001N,12858.61,1654.47,1718.199,63.729,63.729,10,16
BPS_RM_1,NKANGAMO_BPS,J-001N,12878.84,1657.54,1718.168,60.628,60.628,10,16
BPS_RM_1,NKANGAMO_BPS,J-001N,12898.85,1658.16,1718.136,59.976,59.976,10,16
BPS_RM_1,NKANGAMO_BPS,J-001N,12918.91,1659.76,1718.105,58.345,58.345,10,16
BPS_RM_1,NKANGAMO_BPS,J-001N,12939.1,1662.5,1718.074,55.574,55.574,10,16
BPS_RM_1,NKANGAMO_BPS,J-001N,12959.14,1661.34,1718.042,56.702,56.702,10,16
BPS_RM_1,NKANGAMO_BPS,J-001N,12979.15,1660.64,1718.011,57.371,57.371,10,16
BPS_RM_1,NKANGAMO_BPS,J-001N,12999.15,1660.36,1717.98,57.62,57.62,10,16
BPS_RM_1,NKANGAMO_BPS,J-001N,13019.15,1660.83,1717.949,57.119,57.119,10,16
BPS_RM_1,NKANGAMO_BPS,J-001N,13039.17,1660.18,1717.918,57.738,57.738,10,16
BPS_RM_1,NKANGAMO_BPS,J-001N,13059.19,1659.18,1717.887,58.707,58.707,10,16
BPS_RM_1,NKANGAMO_BPS,J-001N,13079.3,1661.24,1717.855,56.615,56.615,10,16
BPS_RM_1,NKANGAMO_BPS,J-001N,13099.44,1658.86,1717.824,58.964,58.964,10,16
BPS_RM_1,NKANGAMO_BPS,J-001N,13118.99,1660.03,1717.793,57.763,57.763,10,16
BPS_RM_1,NKANGAMO_BPS,J-001N,13139.07,1658.31,1717.762,59.452,59.452,10,16
BPS_RM_1,NKANGAMO_BPS,J-001N,13159.17,1656.24,1717.731,61.491,61.491,10,16
BPS_RM_1,NKANGAMO_BPS,J-001N,13179.18,1655.81,1717.7,61.89,61.89,10,16
BPS_RM_1,NKANGAMO_BPS,J-001N,13199.64,1651.47,1717.668,66.198,66.198,10,16
BPS_RM_1,NKANGAMO_BPS,J-001N,13219.88,1654.53,1717.636,63.106,63.106,10,16
BPS_RM_1,NKANGAMO_BPS,J-001N,13240.66,1659.45,1717.604,58.154,58.154,10,16
BPS_RM_1,NKANGAMO_BPS,J-001N,13260.87,1662.35,1717.572,55.222,55.222,10,16
BPS_RM_1,NKANGAMO_BPS,J-001N,13280.97,1664.35,1717.541,53.191,53.191,10,16
BPS_RM_1,NKANGAMO_BPS,J-001N,13301.21,1667.51,1717.51,50.0,50.0,10,16
BPS_RM_1,NKANGAMO_BPS,J-001N,13321.22,1667.98,1717.478,49.498,49.498,10,16
BPS_RM_1,NKANGAMO_BPS,J-001N,13341.63,1672.08,1717.447,45.367,45.367,10,16
BPS_RM_1,NKANGAMO_BPS,J-001N,13361.79,1674.54,1717.415,42.875,42.875,10,16
BPS_RM_1,NKANGAMO_BPS,J-001N,13381.97,1677.27,1717.384,40.114,40.114,10,16
BPS_RM_1,NKANGAMO_BPS,J-001N,13401.97,1677.27,1717.353,40.083,40.083,10,16
BPS_RM_1,NKANGAMO_BPS,J-001N,13422.48,1681.83,1717.321,35.491,35.491,10,16
BPS_RM_1,NKANGAMO_BPS,J-001N,13442.62,1684.15,1717.289,33.139,33.139,10,16
BPS_RM_1,NKANGAMO_BPS,J-001N,13462.79,1684.74,1717.258,32.518,32.518,10,16
BPS_RM_1,NKANGAMO_BPS,J-001N,13482.88,1686.66,1717.227,30.567,30.567,10,10
BPS_RM_1,NKANGAMO_BPS,J-001N,13502.97,1688.61,1717.195,28.585,28.585,10,10
BPS_RM_1,NKANGAMO_BPS,J-001N,13523.11,1690.94,1717.164,26.224,26.224,10,10
BPS_RM_1,NKANGAMO_BPS,J-001N,13543.12,1691.59,1717.133,25.543,25.543,10,10
BPS_RM_1,NKANGAMO_BPS,J-001N,13562.72,1691.57,1717.102,25.532,25.532,10,10
BPS_RM_1,NKANGAMO_BPS,J-001N,13582.73,1692.03,1717.071,25.041,25.041,10,10
BPS_RM_1,NKANGAMO_BPS,J-001N,13602.74,1692.86,1717.04,24.18,24.18,10,10
BPS_RM_1,NKANGAMO_BPS,J-001N,13622.74,1693.18,1717.009,23.829,23.829,10,10
BPS_RM_1,NKANGAMO_BPS,J-001N,13642.74,1693.21,1716.978,23.768,23.768,10,10
BPS_RM_1,NKANGAMO_BPS,J-001N,13662.74,1693.17,1716.946,23.776,23.776,10,10
BPS_RM_1,NKANGAMO_BPS,J-001N,13682.75,1693.64,1716.915,23.275,23.275,10,10
BPS_RM_1,NKANGAMO_BPS,J-001N,13702.58,1693.73,1716.884,23.154,23.154,10,10
BPS_RM_1,NKANGAMO_BPS,J-001N,13722.58,1693.73,1716.853,23.123,23.123,10,10
BPS_RM_1,NKANGAMO_BPS,J-001N,13742.58,1693.41,1716.822,23.412,23.412,10,10
BPS_RM_1,NKANGAMO_BPS,J-001N,13762.59,1693.77,1716.791,23.021,23.021,10,10
BPS_RM_1,NKANGAMO_BPS,J-001N,13782.59,1693.44,1716.76,23.32,23.32,10,10
BPS_RM_1,NKANGAMO_BPS,J-001N,13802.6,1694.08,1716.729,22.649,22.649,10,10
BPS_RM_1,NKANGAMO_BPS,J-001N,13822.6,1694.07,1716.697,22.627,22.627,10,10
BPS_RM_1,NKANGAMO_BPS,J-001N,13842.6,1694.17,1716.666,22.496,22.496,10,10
BPS_RM_1,NKANGAMO_BPS,J-001N,13862.6,1694.3,1716.635,22.335,22.335,10,10
BPS_RM_1,NKANGAMO_BPS,J-001N,13882.6,1694.15,1716.604,22.454,22.454,10,10
BPS_RM_1,NKANGAMO_BPS,J-001N,13902.6,1694.55,1716.573,22.023,22.023,10,10
BPS_RM_1,NKANGAMO_BPS,J-001N,13922.6,1694.59,1716.542,21.952,21.952,10,10
BPS_RM_1,NKANGAMO_BPS,J-001N,13942.6,1694.69,1716.511,21.821,21.821,10,10
BPS_RM_1,NKANGAMO_BPS,J-001N,13962.61,1695.03,1716.479,21.449,21.449,10,10
BPS_RM_1,NKANGAMO_BPS,J-001N,13982.54,1695.72,1716.448,20.728,20.728,10,10
BPS_RM_1,NKANGAMO_BPS,J-001N,14002.54,1696.07,1716.417,20.347,20.347,10,10
BPS_RM_1,NKANGAMO_BPS,J-001N,14022.54,1696.07,1716.386,20.316,20.316,10,10
BPS_RM_1,NKANGAMO_BPS,J-001N,14042.54,1696.34,1716.355,20.015,20.015,10,10
BPS_RM_1,NKANGAMO_BPS,J-001N,14062.55,1696.52,1716.324,19.804,19.804,10,10
BPS_RM_1,NKANGAMO_BPS,J-001N,14082.57,1697.54,1716.293,18.753,18.753,10,10
BPS_RM_1,NKANGAMO_BPS,J-001N,14102.57,1697.48,1716.261,18.781,18.781,10,10
BPS_RM_1,NKANGAMO_BPS,J-001N,14122.57,1697.73,1716.23,18.5,18.5,10,10
BPS_RM_1,NKANGAMO_BPS,J-001N,14142.45,1698.38,1716.199,17.819,17.819,10,10
BPS_RM_1,NKANGAMO_BPS,J-001N,14162.46,1698.65,1716.168,17.518,17.518,10,10
BPS_RM_1,NKANGAMO_BPS,J-001N,14182.46,1699.23,1716.137,16.907,16.907,10,10
BPS_RM_1,NKANGAMO_BPS,J-001N,14202.48,1700.11,1716.106,15.996,15.996,10,10
BPS_RM_1,NKANGAMO_BPS,J-001N,14222.65,1700.33,1716.074,15.744,15.744,10,10
BPS_RM_1,NKANGAMO_BPS,J-001N,14242.66,1700.52,1716.043,15.523,15.523,10,10
BPS_RM_1,NKANGAMO_BPS,J-001N,14262.66,1700.83,1716.012,15.182,15.182,10,10
BPS_RM_1,NKANGAMO_BPS,J-001N,14282.66,1700.98,1715.981,15.001,15.001,10,10
BPS_RM_1,NKANGAMO_BPS,J-001N,14302.66,1700.98,1715.95,14.97,14.97,10,10
BPS_RM_1,NKANGAMO_BPS,J-001N,14322.7,1702.3,1715.918,13.618,13.618,10,10
BPS_RM_1,NKANGAMO_BPS,J-001N,14342.63,1702.9,1715.887,12.987,12.987,10,10
BPS_RM_1,NKANGAMO_BPS,J-001N,14362.63,1703.02,1715.856,12.836,12.836,10,10
BPS_RM_1,NKANGAMO_BPS,J-001N,14382.63,1703.35,1715.825,12.475,12.475,10,10
BPS_RM_1,NKANGAMO_BPS,J-001N,14402.66,1704.43,1715.794,11.364,11.364,10,10
BPS_RM_1,NKANGAMO_BPS,J-001N,14422.72,1705.48,1715.763,10.283,10.283,10,10
BPS_RM_1,NKANGAMO_BPS,J-001N,14442.74,1706.38,1715.731,9.351,9.351,10,10
BPS_RM_1,NKANGAMO_BPS,J-001N,14462.76,1707.25,1715.7,8.45,8.45,10,10
BPS_RM_1,NKANGAMO_BPS,J-001N,14482.76,1707.44,1715.669,8.229,8.229,10,10
BPS_RM_1,NKANGAMO_BPS,J-001N,14502.77,1707.98,1715.638,7.658,7.658,10,10
BPS_RM_1,NKANGAMO_BPS,J-001N,14522.92,1708.35,1715.607,7.257,7.257,10,10
BPS_RM_1,NKANGAMO_BPS,J-001N,14542.92,1708.57,1715.575,7.005,7.005,10,10
BPS_RM_1,NKANGAMO_BPS,J-001N,14563.14,1708.76,1715.544,6.784,6.784,10,10
BPS_RM_1,NKANGAMO_BPS,J-001N,14583.14,1708.84,1715.513,6.673,6.673,10,10
BPS_RM_1,NKANGAMO_BPS,J-001N,14603.14,1708.66,1715.482,6.822,6.822,10,10
BPS_RM_1,NKANGAMO_BPS,J-001N,14623.38,1707.86,1715.45,7.59,7.59,10,10
BPS_RM_1,NKANGAMO_BPS,J-001N,14643.4,1706.87,1715.419,8.549,8.549,10,10
BPS_RM_1,NKANGAMO_BPS,J-001N,14663.4,1706.82,1715.388,8.568,8.568,10,10
BPS_RM_1,NKANGAMO_BPS,J-001N,14683.45,1705.52,1715.357,9.837,9.837,10,10
BPS_RM_1,NKANGAMO_BPS,J-001N,14703.45,1705.61,1715.325,9.715,9.715,10,10
BPS_RM_1,NKANGAMO_BPS,J-001N,14723.49,1704.38,1715.294,10.914,10.914,10,10
BPS_RM_1,NKANGAMO_BPS,J-001N,14743.49,1704.38,1715.263,10.883,10.883,10,10
BPS_RM_1,NKANGAMO_BPS,J-001N,14763.43,1703.86,1715.232,11.372,11.372,10,10
BPS_RM_1,NKANGAMO_BPS,J-001N,14783.45,1702.92,1715.201,12.281,12.281,10,10
BPS_RM_1,NKANGAMO_BPS,J-001N,14803.46,1702.63,1715.17,12.54,12.54,10,10
BPS_RM_1,NKANGAMO_BPS,J-001N,14823.49,1701.44,1715.138,13.698,13.698,10,10
BPS_RM_1,NKANGAMO_BPS,J-001N,14843.49,1701.19,1715.107,13.917,13.917,10,10
BPS_RM_1,NKANGAMO_BPS,J-001N,14863.51,1700.33,1715.076,14.746,14.746,10,10
BPS_RM_1,NKANGAMO_BPS,J-001N,14883.52,1699.71,1715.045,15.335,15.335,10,10
BPS_RM_1,NKANGAMO_BPS,J-001N,14903.53,1699.19,1715.014,15.824,15.824,10,10
BPS_RM_1,NKANGAMO_BPS,J-001N,14923.54,1698.62,1714.983,16.363,16.363,10,10
BPS_RM_1,NKANGAMO_BPS,J-001N,14943.55,1697.92,1714.951,17.031,17.031,10,10
BPS_RM_1,NKANGAMO_BPS,J-001N,14963.56,1697.28,1714.92,17.64,17.64,10,10
BPS_RM_1,NKANGAMO_BPS,J-001N,14983.57,1696.71,1714.889,18.179,18.179,10,10
BPS_RM_1,NKANGAMO_BPS,J-001N,15003.57,1696.54,1714.858,18.318,18.318,10,10
BPS_RM_1,NKANGAMO_BPS,J-001N,15023.58,1695.74,1714.827,19.087,19.087,10,10
BPS_RM_1,NKANGAMO_BPS,J-001N,15043.59,1695.24,1714.796,19.556,19.556,10,10
BPS_RM_1,NKANGAMO_BPS,J-001N,15063.59,1694.82,1714.764,19.944,19.944,10,10
BPS_RM_1,NKANGAMO_BPS,J-001N,15083.6,1694.52,1714.733,20.213,20.213,10,10
BPS_RM_1,NKANGAMO_BPS,J-001N,15103.6,1694.86,1714.702,19.842,19.842,10,10
BPS_RM_1,NKANGAMO_BPS,J-001N,15123.6,1694.86,1714.671,19.811,19.811,10,10
BPS_RM_1,NKANGAMO_BPS,J-001N,15143.67,1693.13,1714.64,21.51,21.51,10,10
BPS_RM_1,NKANGAMO_BPS,J-001N,15163.68,1692.76,1714.609,21.849,21.849,10,10
BPS_RM_1,NKANGAMO_BPS,J-001N,15183.68,1692.23,1714.577,22.347,22.347,10,10
BPS_RM_1,NKANGAMO_BPS,J-001N,15203.76,1691.89,1714.546,22.656,22.656,10,10
BPS_RM_1,NKANGAMO_BPS,J-001N,15223.76,1691.89,1714.515,22.625,22.625,10,10
BPS_RM_1,NKANGAMO_BPS,J-001N,15243.76,1691.56,1714.484,22.924,22.924,10,10
BPS_RM_1,NKANGAMO_BPS,J-001N,15263.76,1691.42,1714.453,23.033,23.033,10,10
BPS_RM_1,NKANGAMO_BPS,J-001N,15283.76,1691.12,1714.421,23.301,23.301,10,10
BPS_RM_1,NKANGAMO_BPS,J-001N,15303.76,1691.32,1714.39,23.07,23.07,10,10
BPS_RM_1,NKANGAMO_BPS,J-001N,15323.78,1690.43,1714.359,23.929,23.929,10,10
BPS_RM_1,NKANGAMO_BPS,J-001N,15343.81,1691.47,1714.328,22.858,22.858,10,10
BPS_RM_1,NKANGAMO_BPS,J-001N,15363.83,1690.64,1714.297,23.657,23.657,10,10
BPS_RM_1,NKANGAMO_BPS,J-001N,15383.83,1690.21,1714.266,24.056,24.056,10,10
BPS_RM_1,NKANGAMO_BPS,J-001N,15403.79,1690.19,1714.234,24.044,24.044,10,10
BPS_RM_1,NKANGAMO_BPS,J-001N,15423.79,1689.99,1714.203,24.213,24.213,10,10
BPS_RM_1,NKANGAMO_BPS,J-001N,15443.8,1689.47,1714.172,24.702,24.702,10,10
BPS_RM_1,NKANGAMO_BPS,J-001N,15463.8,1689.55,1714.141,24.591,24.591,10,10
BPS_RM_1,NKANGAMO_BPS,J-001N,15483.8,1689.52,1714.11,24.59,24.59,10,10
BPS_RM_1,NKANGAMO_BPS,J-001N,15503.8,1689.3,1714.079,24.779,24.779,10,10
BPS_RM_1,NKANGAMO_BPS,J-001N,15523.8,1689.3,1714.048,24.748,24.748,10,10
BPS_RM_1,NKANGAMO_BPS,J-001N,15543.8,1689.15,1714.016,24.866,24.866,10,10
BPS_RM_1,NKANGAMO_BPS,J-001N,15563.8,1689.25,1713.985,24.735,24.735,10,10
BPS_RM_1,NKANGAMO_BPS,J-001N,15583.8,1689.2,1713.954,24.754,24.754,10,10
BPS_RM_1,NKANGAMO_BPS,J-001N,15603.8,1689.06,1713.923,24.863,24.863,10,10
BPS_RM_1,NKANGAMO_BPS,J-001N,15623.82,1688.25,1713.892,25.642,25.642,10,10
BPS_RM_1,NKANGAMO_BPS,J-001N,15643.82,1688.25,1713.861,25.611,25.611,10,10
BPS_RM_1,NKANGAMO_BPS,J-001N,15663.82,1687.78,1713.829,26.049,26.049,10,10
BPS_RM_1,NKANGAMO_BPS,J-001N,15683.82,1687.78,1713.798,26.018,26.018,10,10
BPS_RM_1,NKANGAMO_BPS,J-001N,15703.82,1687.74,1713.767,26.027,26.027,10,10
BPS_RM_1,NKANGAMO_BPS,J-001N,15723.83,1687.48,1713.736,26.256,26.256,10,10
BPS_RM_1,NKANGAMO_BPS,J-001N,15743.84,1686.82,1713.705,26.885,26.885,10,10
BPS_RM_1,NKANGAMO_BPS,J-001N,15763.84,1686.42,1713.674,27.254,27.254,10,10
BPS_RM_1,NKANGAMO_BPS,J-001N,15783.84,1686.5,1713.642,27.142,27.142,10,10
BPS_RM_1,NKANGAMO_BPS,J-001N,15803.84,1686.24,1713.611,27.371,27.371,10,10
BPS_RM_1,NKANGAMO_BPS,J-001N,15823.84,1686.24,1713.58,27.34,27.34,10,10
BPS_RM_1,NKANGAMO_BPS,J-001N,15843.85,1685.59,1713.549,27.959,27.959,10,10
BPS_RM_1,NKANGAMO_BPS,J-001N,15863.85,1685.59,1713.518,27.928,27.928,10,10
BPS_RM_1,NKANGAMO_BPS,J-001N,15883.86,1685.04,1713.487,28.447,28.447,10,10
BPS_RM_1,NKANGAMO_BPS,J-001N,15903.86,1685.04,1713.456,28.416,28.416,10,10
BPS_RM_1,NKANGAMO_BPS,J-001N,15923.87,1684.37,1713.424,29.054,29.054,10,10
BPS_RM_1,NKANGAMO_BPS,J-001N,15943.87,1684.37,1713.393,29.023,29.023,10,10
BPS_RM_1,NKANGAMO_BPS,J-001N,15963.87,1684.2,1713.362,29.162,29.162,10,10
BPS_RM_1,NKANGAMO_BPS,J-001N,15983.87,1684.2,1713.331,29.131,29.131,10,10
BPS_RM_1,NKANGAMO_BPS,J-001N,16003.88,1683.55,1713.3,29.75,29.75,10,10
BPS_RM_1,NKANGAMO_BPS,J-001N,16023.88,1683.55,1713.269,29.719,29.719,10,10
BPS_RM_1,NKANGAMO_BPS,J-001N,16043.88,1683.38,1713.237,29.857,29.857,10,10
BPS_RM_1,NKANGAMO_BPS,J-001N,16063.89,1683.16,1713.206,30.046,30.046,10,10
BPS_RM_1,NKANGAMO_BPS,J-001N,16083.89,1682.8,1713.175,30.375,30.375,10,10
BPS_RM_1,NKANGAMO_BPS,J-001N,16103.89,1682.76,1713.144,30.384,30.384,10,10
BPS_RM_1,NKANGAMO_BPS,J-001N,16123.89,1682.43,1713.113,30.683,30.683,10,10
BPS_RM_1,NKANGAMO_BPS,J-001N,16143.89,1682.34,1713.082,30.742,30.742,10,10
BPS_RM_1,NKANGAMO_BPS,J-001N,16163.9,1682.77,1713.05,30.28,30.28,10,10
BPS_RM_1,NKANGAMO_BPS,J-001N,16183.9,1682.33,1713.019,30.689,30.689,10,10
BPS_RM_1,NKANGAMO_BPS,J-001N,16203.9,1682.14,1712.988,30.848,30.848,10,10
BPS_RM_1,NKANGAMO_BPS,J-001N,16223.9,1681.96,1712.957,30.997,30.997,10,10
BPS_RM_1,NKANGAMO_BPS,J-001N,16243.91,1681.38,1712.926,31.546,31.546,10,16
BPS_RM_1,NKANGAMO_BPS,J-001N,16263.91,1681.38,1712.895,31.515,31.515,10,16
BPS_RM_1,NKANGAMO_BPS,J-001N,16283.91,1681.27,1712.864,31.594,31.594,10,16
BPS_RM_1,NKANGAMO_BPS,J-001N,16303.89,1681.2,1712.832,31.632,31.632,10,16
BPS_RM_1,NKANGAMO_BPS,J-001N,16323.89,1680.97,1712.801,31.831,31.831,10,16
BPS_RM_1,NKANGAMO_BPS,J-001N,16343.89,1680.89,1712.77,31.88,31.88,10,16
BPS_RM_1,NKANGAMO_BPS,J-001N,16363.89,1680.91,1712.739,31.829,31.829,10,16
BPS_RM_1,NKANGAMO_BPS,J-001N,16383.9,1680.45,1712.708,32.258,32.258,10,16
BPS_RM_1,NKANGAMO_BPS,J-001N,16403.9,1680.45,1712.677,32.227,32.227,10,16
BPS_RM_1,NKANGAMO_BPS,J-001N,16423.9,1680.59,1712.645,32.055,32.055,10,16
BPS_RM_1,NKANGAMO_BPS,J-001N,16443.9,1680.49,1712.614,32.124,32.124,10,16
BPS_RM_1,NKANGAMO_BPS,J-001N,16463.9,1680.49,1712.583,32.093,32.093,10,16
BPS_RM_1,NKANGAMO_BPS,J-001N,16483.91,1681.06,1712.552,31.492,31.492,10,16
BPS_RM_1,NKANGAMO_BPS,J-001N,16503.91,1681.31,1712.521,31.211,31.211,10,10
BPS_RM_1,NKANGAMO_BPS,J-001N,16523.91,1681.51,1712.49,30.98,30.98,10,10
BPS_RM_1,NKANGAMO_BPS,J-001N,16543.91,1681.79,1712.459,30.669,30.669,10,10
BPS_RM_1,NKANGAMO_BPS,J-001N,16563.91,1681.79,1712.427,30.637,30.637,10,10
BPS_RM_1,NKANGAMO_BPS,J-001N,16584.01,1683.81,1712.396,28.586,28.586,10,10
BPS_RM_1,NKANGAMO_BPS,J-001N,16604.02,1684.21,1712.365,28.155,28.155,10,10
BPS_RM_1,NKANGAMO_BPS,J-001N,16624.07,1685.59,1712.334,26.744,26.744,10,10
BPS_RM_1,NKANGAMO_BPS,J-001N,16644.07,1685.11,1712.303,27.193,27.193,10,10
BPS_RM_1,NKANGAMO_BPS,J-001N,16664.1,1686.19,1712.271,26.081,26.081,10,10
BPS_RM_1,NKANGAMO_BPS,J-001N,16684.1,1686.56,1712.24,25.68,25.68,10,10
BPS_RM_1,NKANGAMO_BPS,J-001N,16704.11,1687.16,1712.209,25.049,25.049,10,10
BPS_RM_1,NKANGAMO_BPS,J-001N,16724.12,1687.82,1712.178,24.358,24.358,10,10
BPS_RM_1,NKANGAMO_BPS,J-001N,16744.12,1687.87,1712.147,24.277,24.277,10,10
BPS_RM_1,NKANGAMO_BPS,J-001N,16764.13,1688.35,1712.116,23.766,23.766,10,10
BPS_RM_1,NKANGAMO_BPS,J-001N,16784.13,1688.35,1712.084,23.734,23.734,10,10
BPS_RM_1,NKANGAMO_BPS,J-001N,16804.22,1690.23,1712.053,21.823,21.823,10,10
BPS_RM_1,NKANGAMO_BPS,J-001N,16824.22,1690.67,1712.022,21.352,21.352,10,10
BPS_RM_1,NKANGAMO_BPS,J-001N,16844.25,1692.07,1711.991,19.921,19.921,10,10
BPS_RM_1,NKANGAMO_BPS,J-001N,16864.27,1692.87,1711.96,19.09,19.09,10,10
BPS_RM_1,NKANGAMO_BPS,J-001N,16884.27,1693.28,1711.928,18.648,18.648,10,10
BPS_RM_1,NKANGAMO_BPS,J-001N,16904.3,1694.28,1711.897,17.617,17.617,10,10
BPS_RM_1,NKANGAMO_BPS,J-001N,16924.41,1694.7,1711.866,17.166,17.166,10,10
BPS_RM_1,NKANGAMO_BPS,J-001N,16944.41,1694.8,1711.835,17.035,17.035,10,10
BPS_RM_1,NKANGAMO_BPS,J-001N,16964.43,1695.73,1711.804,16.074,16.074,10,10
BPS_RM_1,NKANGAMO_BPS,J-001N,16984.57,1695.38,1711.772,16.392,16.392,10,10
BPS_RM_1,NKANGAMO_BPS,J-001N,17004.59,1696.33,1711.741,15.411,15.411,10,10
BPS_RM_1,NKANGAMO_BPS,J-001N,17024.59,1696.81,1711.71,14.9,14.9,10,10
BPS_RM_1,NKANGAMO_BPS,J-001N,17044.6,1696.52,1711.679,15.159,15.159,10,10
BPS_RM_1,NKANGAMO_BPS,J-001N,17064.6,1697.05,1711.648,14.598,14.598,10,10
BPS_RM_1,NKANGAMO_BPS,J-001N,17084.6,1697.03,1711.616,14.586,14.586,10,10
BPS_RM_1,NKANGAMO_BPS,J-001N,17104.6,1696.9,1711.585,14.685,14.685,10,10
BPS_RM_1,NKANGAMO_BPS,J-001N,17124.6,1696.98,1711.554,14.574,14.574,10,10
BPS_RM_1,NKANGAMO_BPS,J-001N,17144.6,1696.98,1711.523,14.543,14.543,10,10
BPS_RM_1,NKANGAMO_BPS,J-001N,17164.61,1696.35,1711.492,15.142,15.142,10,10
BPS_RM_1,NKANGAMO_BPS,J-001N,17184.63,1697.07,1711.461,14.391,14.391,10,10
BPS_RM_1,NKANGAMO_BPS,J-001N,17204.68,1695.57,1711.429,15.859,15.859,10,10
BPS_RM_1,NKANGAMO_BPS,J-001N,17224.68,1695.51,1711.398,15.888,15.888,10,10
BPS_RM_1,NKANGAMO_BPS,J-001N,17244.71,1694.42,1711.367,16.947,16.947,10,10
BPS_RM_1,NKANGAMO_BPS,J-001N,17264.71,1694.42,1711.336,16.916,16.916,10,10
BPS_RM_1,NKANGAMO_BPS,J-001N,17284.71,1694.17,1711.305,17.135,17.135,10,10
BPS_RM_1,NKANGAMO_BPS,J-001N,17304.73,1693.42,1711.273,17.853,17.853,10,10
BPS_RM_1,NKANGAMO_BPS,J-001N,17324.73,1693.69,1711.242,17.552,17.552,10,10
BPS_RM_1,NKANGAMO_BPS,J-001N,17344.73,1693.54,1711.211,17.671,17.671,10,10
BPS_RM_1,NKANGAMO_BPS,J-001N,17364.82,1693.89,1711.18,17.29,17.29,10,10
BPS_RM_1,NKANGAMO_BPS,J-001N,17384.82,1693.89,1711.149,17.259,17.259,10,10
BPS_RM_1,NKANGAMO_BPS,J-001N,17404.82,1693.79,1711.118,17.328,17.328,10,10
BPS_RM_1,NKANGAMO_BPS,J-001N,17424.83,1694.0,1711.086,17.086,17.086,10,10
BPS_RM_1,NKANGAMO_BPS,J-001N,17444.83,1694.48,1711.055,16.575,16.575,10,10
BPS_RM_1,NKANGAMO_BPS,J-001N,17464.83,1694.4,1711.024,16.624,16.624,10,10
BPS_RM_1,NKANGAMO_BPS,J-001N,17484.83,1694.31,1710.993,16.683,16.683,10,10
BPS_RM_1,NKANGAMO_BPS,J-001N,17504.83,1694.69,1710.962,16.272,16.272,10,10
BPS_RM_1,NKANGAMO_BPS,J-001N,17524.84,1694.5,1710.931,16.431,16.431,10,10
BPS_RM_1,NKANGAMO_BPS,J-001N,17544.84,1694.39,1710.899,16.509,16.509,10,10
BPS_RM_1,NKANGAMO_BPS,J-001N,17564.84,1694.57,1710.868,16.298,16.298,10,10
BPS_RM_1,NKANGAMO_BPS,J-001N,17584.84,1694.47,1710.837,16.367,16.367,10,10
BPS_RM_1,NKANGAMO_BPS,J-001N,17604.84,1694.77,1710.806,16.036,16.036,10,10
BPS_RM_1,NKANGAMO_BPS,J-001N,17624.84,1695.1,1710.775,15.675,15.675,10,10
BPS_RM_1,NKANGAMO_BPS,J-001N,17644.84,1694.81,1710.744,15.934,15.934,10,10
BPS_RM_1,NKANGAMO_BPS,J-001N,17664.85,1695.1,1710.713,15.613,15.613,10,10
BPS_RM_1,NKANGAMO_BPS,J-001N,17684.85,1694.86,1710.681,15.821,15.821,10,10
BPS_RM_1,NKANGAMO_BPS,J-001N,17704.85,1694.72,1710.65,15.93,15.93,10,10
BPS_RM_1,NKANGAMO_BPS,J-001N,17724.85,1694.75,1710.619,15.869,15.869,10,10
BPS_RM_1,NKANGAMO_BPS,J-001N,17744.85,1694.75,1710.588,15.838,15.838,10,10
BPS_RM_1,NKANGAMO_BPS,J-001N,17764.86,1694.6,1710.557,15.957,15.957,10,10
BPS_RM_1,NKANGAMO_BPS,J-001N,17784.87,1695.17,1710.526,15.356,15.356,10,10
BPS_RM_1,NKANGAMO_BPS,J-001N,17804.88,1694.36,1710.494,16.134,16.134,10,10
BPS_RM_1,NKANGAMO_BPS,J-001N,17824.88,1694.33,1710.463,16.133,16.133,10,10
BPS_RM_1,NKANGAMO_BPS,J-001N,17844.88,1694.33,1710.432,16.102,16.102,10,10
BPS_RM_1,NKANGAMO_BPS,J-001N,17864.89,1695.0,1710.401,15.401,15.401,10,10
BPS_RM_1,NKANGAMO_BPS,J-001N,17884.89,1694.95,1710.37,15.42,15.42,10,10
BPS_RM_1,NKANGAMO_BPS,J-001N,17904.94,1693.65,1710.339,16.689,16.689,10,10
BPS_RM_1,NKANGAMO_BPS,J-001N,17925.13,1694.13,1710.307,16.177,16.177,10,10
BPS_RM_1,NKANGAMO_BPS,J-001N,17945.14,1694.75,1710.276,15.526,15.526,10,10
BPS_RM_1,NKANGAMO_BPS,J-001N,17965.15,1695.38,1710.245,14.865,14.865,10,10
BPS_RM_1,NKANGAMO_BPS,J-001N,17985.15,1695.44,1710.214,14.774,14.774,10,10
BPS_RM_1,NKANGAMO_BPS,J-001N,18005.16,1694.82,1710.182,15.362,15.362,10,10
BPS_RM_1,NKANGAMO_BPS,J-001N,18025.16,1694.82,1710.151,15.331,15.331,10,10
BPS_RM_1,NKANGAMO_BPS,J-001N,18045.57,1694.89,1710.119,15.229,15.229,10,10
BPS_RM_1,NKANGAMO_BPS,J-001N,18065.58,1695.52,1710.088,14.568,14.568,10,10
BPS_RM_1,NKANGAMO_BPS,J-001N,18085.59,1694.81,1710.057,15.247,15.247,10,10
BPS_RM_1,NKANGAMO_BPS,J-001N,18105.61,1695.62,1710.026,14.406,14.406,10,10
BPS_RM_1,NKANGAMO_BPS,J-001N,18125.61,1695.88,1709.995,14.115,14.115,10,10
BPS_RM_1,NKANGAMO_BPS,J-001N,18145.61,1695.82,1709.964,14.144,14.144,10,10
BPS_RM_1,NKANGAMO_BPS,J-001N,18165.61,1695.97,1709.932,13.962,13.962,10,10
BPS_RM_1,NKANGAMO_BPS,J-001N,18185.62,1696.26,1709.901,13.641,13.641,10,10
BPS_RM_1,NKANGAMO_BPS,J-001N,18205.62,1696.01,1709.87,13.86,13.86,10,10
BPS_RM_1,NKANGAMO_BPS,J-001N,18225.62,1696.55,1709.839,13.289,13.289,10,10
BPS_RM_1,NKANGAMO_BPS,J-001N,18245.63,1696.18,1709.808,13.628,13.628,10,10
BPS_RM_1,NKANGAMO_BPS,J-001N,18265.63,1696.49,1709.777,13.287,13.287,10,10
BPS_RM_1,NKANGAMO_BPS,J-001N,18285.63,1696.59,1709.746,13.156,13.156,10,10
BPS_RM_1,NKANGAMO_BPS,J-001N,18305.63,1696.61,1709.714,13.104,13.104,10,10
BPS_RM_1,NKANGAMO_BPS,J-001N,18325.63,1696.6,1709.683,13.083,13.083,10,10
BPS_RM_1,NKANGAMO_BPS,J-001N,18345.63,1696.42,1709.652,13.232,13.232,10,10
BPS_RM_1,NKANGAMO_BPS,J-001N,18365.63,1696.42,1709.621,13.201,13.201,10,10
BPS_RM_1,NKANGAMO_BPS,J-001N,18385.63,1696.03,1709.59,13.56,13.56,10,10
BPS_RM_1,NKANGAMO_BPS,J-001N,18405.64,1695.7,1709.559,13.859,13.859,10,10
BPS_RM_1,NKANGAMO_BPS,J-001N,18425.64,1695.7,1709.527,13.827,13.827,10,10
BPS_RM_1,NKANGAMO_BPS,J-001N,18445.64,1695.69,1709.496,13.806,13.806,10,10
BPS_RM_1,NKANGAMO_BPS,J-001N,18465.64,1696.03,1709.465,13.435,13.435,10,10
BPS_RM_1,NKANGAMO_BPS,J-001N,18485.64,1695.99,1709.434,13.444,13.444,10,10
BPS_RM_1,NKANGAMO_BPS,J-001N,18505.64,1695.85,1709.403,13.553,13.553,10,10
BPS_RM_1,NKANGAMO_BPS,J-001N,18525.65,1695.26,1709.372,14.112,14.112,10,10
BPS_RM_1,NKANGAMO_BPS,J-001N,18545.65,1695.08,1709.341,14.261,14.261,10,10
BPS_RM_1,NKANGAMO_BPS,J-001N,18565.65,1694.85,1709.309,14.459,14.459,10,10
BPS_RM_1,NKANGAMO_BPS,J-001N,18585.66,1694.48,1709.278,14.798,14.798,10,10
BPS_RM_1,NKANGAMO_BPS,J-001N,18605.69,1695.65,1709.247,13.597,13.597,10,10
BPS_RM_1,NKANGAMO_BPS,J-001N,18625.7,1695.15,1709.216,14.066,14.066,10,10
BPS_RM_1,NKANGAMO_BPS,J-001N,18645.74,1693.75,1709.185,15.435,15.435,10,10
BPS_RM_1,NKANGAMO_BPS,J-001N,18665.74,1693.84,1709.153,15.313,15.313,10,10
BPS_RM_1,NKANGAMO_BPS,J-001N,18685.75,1694.02,1709.122,15.102,15.102,10,10
BPS_RM_1,NKANGAMO_BPS,J-001N,18705.76,1693.26,1709.091,15.831,15.831,10,10
BPS_RM_1,NKANGAMO_BPS,J-001N,18725.78,1692.34,1709.06,16.72,16.72,10,10
BPS_RM_1,NKANGAMO_BPS,J-001N,18745.78,1692.34,1709.029,16.689,16.689,10,10
BPS_RM_1,NKANGAMO_BPS,J-001N,18765.78,1692.43,1708.998,16.568,16.568,10,10
BPS_RM_1,NKANGAMO_BPS,J-001N,18785.78,1692.43,1708.966,16.536,16.536,10,10
BPS_RM_1,NKANGAMO_BPS,J-001N,18805.78,1692.17,1708.935,16.765,16.765,10,10
BPS_RM_1,NKANGAMO_BPS,J-001N,18825.81,1691.16,1708.904,17.744,17.744,10,10
BPS_RM_1,NKANGAMO_BPS,J-001N,18845.84,1692.22,1708.873,16.653,16.653,10,10
BPS_RM_1,NKANGAMO_BPS,J-001N,18865.92,1690.44,1708.842,18.402,18.402,10,10
BPS_RM_1,NKANGAMO_BPS,J-001N,18885.92,1690.36,1708.81,18.45,18.45,10,10
BPS_RM_1,NKANGAMO_BPS,J-001N,18905.93,1689.72,1708.779,19.059,19.059,10,10
BPS_RM_1,NKANGAMO_BPS,J-001N,18925.93,1689.9,1708.748,18.848,18.848,10,10
BPS_RM_1,NKANGAMO_BPS,J-001N,18945.93,1689.79,1708.717,18.927,18.927,10,10
BPS_RM_1,NKANGAMO_BPS,J-001N,18965.93,1689.89,1708.686,18.796,18.796,10,10
BPS_RM_1,NKANGAMO_BPS,J-001N,18985.93,1689.43,1708.655,19.225,19.225,10,10
BPS_RM_1,NKANGAMO_BPS,J-001N,19005.93,1689.54,1708.624,19.084,19.084,10,10
BPS_RM_1,NKANGAMO_BPS,J-001N,19025.93,1689.45,1708.592,19.142,19.142,10,10
BPS_RM_1,NKANGAMO_BPS,J-001N,19045.93,1689.71,1708.561,18.851,18.851,10,10
BPS_RM_1,NKANGAMO_BPS,J-001N,19065.94,1689.19,1708.53,19.34,19.34,10,10
BPS_RM_1,NKANGAMO_BPS,J-001N,19085.95,1689.75,1708.499,18.749,18.749,10,10
BPS_RM_1,NKANGAMO_BPS,J-001N,19105.95,1689.75,1708.468,18.718,18.718,10,10
BPS_RM_1,NKANGAMO_BPS,J-001N,19126.0,1690.36,1708.437,18.077,18.077,10,10
BPS_RM_1,NKANGAMO_BPS,J-001N,19146.0,1690.62,1708.405,17.785,17.785,10,10
BPS_RM_1,NKANGAMO_BPS,J-001N,19166.0,1690.95,1708.374,17.424,17.424,10,10
BPS_RM_1,NKANGAMO_BPS,J-001N,19186.0,1691.13,1708.343,17.213,17.213,10,10
BPS_RM_1,NKANGAMO_BPS,J-001N,19206.01,1691.53,1708.312,16.782,16.782,10,10
BPS_RM_1,NKANGAMO_BPS,J-001N,19226.01,1691.59,1708.281,16.691,16.691,10,10
BPS_RM_1,NKANGAMO_BPS,J-001N,19246.05,1692.88,1708.25,15.37,15.37,10,10
BPS_RM_1,NKANGAMO_BPS,J-001N,19266.1,1692.99,1708.218,15.228,15.228,10,10
BPS_RM_1,NKANGAMO_BPS,J-001N,19286.11,1693.51,1708.187,14.677,14.677,10,10
BPS_RM_1,NKANGAMO_BPS,J-001N,19306.13,1694.48,1708.156,13.676,13.676,10,10
BPS_RM_1,NKANGAMO_BPS,J-001N,19326.14,1694.94,1708.125,13.185,13.185,10,10
BPS_RM_1,NKANGAMO_BPS,J-001N,19346.15,1695.69,1708.094,12.404,12.404,10,10
BPS_RM_1,NKANGAMO_BPS,J-001N,19366.5,1695.86,1708.062,12.202,12.202,10,10
BPS_RM_1,NKANGAMO_BPS,J-001N,19386.51,1696.39,1708.031,11.641,11.641,10,10
BPS_RM_1,NKANGAMO_BPS,J-001N,19406.51,1696.57,1708.0,11.43,11.43,10,10
BPS_RM_1,NKANGAMO_BPS,J-001N,19426.54,1696.9,1707.968,11.068,11.068,10,10
BPS_RM_1,NKANGAMO_BPS,J-001N,19446.54,1697.09,1707.937,10.847,10.847,10,10
BPS_RM_1,NKANGAMO_BPS,J-001N,19466.82,1697.43,1707.906,10.476,10.476,10,10
BPS_RM_1,NKANGAMO_BPS,J-001N,19486.82,1697.47,1707.874,10.404,10.404,10,10
BPS_RM_1,NKANGAMO_BPS,J-001N,19506.82,1697.47,1707.843,10.373,10.373,10,10
BPS_RM_1,NKANGAMO_BPS,J-001N,19526.83,1697.7,1707.812,10.112,10.112,10,10
BPS_RM_1,NKANGAMO_BPS,J-001N,19546.7,1697.87,1707.781,9.911,9.911,10,10
BPS_RM_1,NKANGAMO_BPS,J-001N,19566.71,1697.16,1707.75,10.59,10.59,10,10
BPS_RM_1,NKANGAMO_BPS,J-001N,19581.43,1697.14,1707.727,10.587,10.587,10,10
BPS_RM_2,J-001N,J-002N,0.0,1697.14,1707.727,10.587,10.587,10,10
BPS_RM_2,J-001N,J-002N,20.02,1697.98,1707.697,9.717,9.717,10,10
BPS_RM_2,J-001N,J-002N,40.02,1698.05,1707.667,9.617,9.617,10,10
BPS_RM_3,J-002N,J-003N,0.0,1698.05,1707.667,9.617,9.617,10,10
BPS_RM_3,J-002N,J-003N,20.0,1698.4,1707.641,9.241,9.241,10,10
BPS_RM_3,J-002N,J-003N,40.27,1698.23,1707.615,9.385,9.385,10,10
BPS_RM_3,J-002N,J-003N,60.27,1698.23,1707.589,9.359,9.359,10,10
BPS_RM_3,J-002N,J-003N,80.25,1698.29,1707.563,9.273,9.273,10,10
BPS_RM_3,J-002N,J-003N,100.25,1698.14,1707.537,9.397,9.397,10,10
UHURU_INLET,J-003N,UHURU_PARK_GBR,0.0,1698.14,1707.537,9.397,9.397,10,10
UHURU_INLET,J-003N,UHURU_PARK_GBR,50.0,1696.1,1707.477,11.377,11.377,10,10
ESR_BRANCH,J-001N,TUNDUMA_ESR,0.0,1697.14,1707.727,10.587,10.587,10,10
ESR_BRANCH,J-001N,TUNDUMA_ESR,38.0,1698.8,1707.5,8.7,8.7,10,10
GSR01_BRANCH,J-002N,UHURU_GSR01,0.0,1698.05,1707.667,9.617,9.617,10,10
GSR01_BRANCH,J-002N,UHURU_GSR01,40.0,1697.2,1707.201,10.001,10.001,10,16
IPITO_BRANCH,J-003N,IPITO_GSR02,0.0,1698.14,1707.537,9.397,9.397,10,10
IPITO_BRANCH,J-003N,IPITO_GSR02,104.99,1698.3,1707.311,9.011,9.011,10,10
IPITO_BRANCH,J-003N,IPITO_GSR02,124.99,1698.19,1707.268,9.078,9.078,10,10
IPITO_BRANCH,J-003N,IPITO_GSR02,144.99,1698.25,1707.225,8.975,8.975,10,10
IPITO_BRANCH,J-003N,IPITO_GSR02,164.99,1698.12,1707.182,9.062,9.062,10,10
IPITO_BRANCH,J-003N,IPITO_GSR02,296.09,1692.73,1706.899,14.169,14.169,10,10
IPITO_BRANCH,J-003N,IPITO_GSR02,377.83,1683.81,1706.723,22.913,22.913,10,10
IPITO_BRANCH,J-003N,IPITO_GSR02,424.97,1678.89,1706.622,27.732,27.732,10,10
IPITO_BRANCH,J-003N,IPITO_GSR02,475.02,1681.21,1706.514,25.304,25.304,10,10
IPITO_BRANCH,J-003N,IPITO_GSR02,525.03,1680.53,1706.406,25.876,25.97,10,10
IPITO_BRANCH,J-003N,IPITO_GSR02,569.16,1677.84,1706.311,28.471,28.66,10,10
IPITO_BRANCH,J-003N,IPITO_GSR02,619.25,1674.76,1706.203,31.443,31.74,10,10
IPITO_BRANCH,J-003N,IPITO_GSR02,669.3,1672.61,1706.095,33.485,33.89,10,10
IPITO_BRANCH,J-003N,IPITO_GSR02,719.31,1671.53,1705.987,34.457,34.97,10,10
IPITO_BRANCH,J-003N,IPITO_GSR02,769.33,1670.3,1705.879,35.579,36.2,10,10
IPITO_BRANCH,J-003N,IPITO_GSR02,819.34,1669.15,1705.772,36.622,37.35,10,10
IPITO_BRANCH,J-003N,IPITO_GSR02,869.35,1668.15,1705.664,37.514,38.35,10,10
IPITO_BRANCH,J-003N,IPITO_GSR02,919.35,1668.03,1705.556,37.526,38.47,10,10
IPITO_BRANCH,J-003N,IPITO_GSR02,969.35,1668.31,1705.448,37.138,38.19,10,10
IPITO_BRANCH,J-003N,IPITO_GSR02,1019.35,1668.75,1705.341,36.591,37.75,10,10
IPITO_BRANCH,J-003N,IPITO_GSR02,1069.35,1668.45,1705.233,36.783,38.05,10,10
IPITO_BRANCH,J-003N,IPITO_GSR02,1119.35,1668.6,1705.125,36.525,37.9,10,10
IPITO_BRANCH,J-003N,IPITO_GSR02,1169.35,1668.29,1705.017,36.727,38.21,10,10
IPITO_BRANCH,J-003N,IPITO_GSR02,1219.36,1667.64,1704.91,37.27,38.86,10,10
IPITO_BRANCH,J-003N,IPITO_GSR02,1269.36,1667.29,1704.802,37.512,39.21,10,10
IPITO_BRANCH,J-003N,IPITO_GSR02,1319.36,1667.25,1704.694,37.444,39.25,10,10
IPITO_BRANCH,J-003N,IPITO_GSR02,1369.36,1667.6,1704.586,36.986,38.9,10,10
IPITO_BRANCH,J-003N,IPITO_GSR02,1419.36,1668.11,1704.478,36.368,38.39,10,10
IPITO_BRANCH,J-003N,IPITO_GSR02,1469.36,1667.91,1704.371,36.461,38.59,10,10
IPITO_BRANCH,J-003N,IPITO_GSR02,1519.37,1668.67,1704.263,35.593,37.83,10,10
IPITO_BRANCH,J-003N,IPITO_GSR02,1569.37,1668.1,1704.155,36.055,38.4,10,10
IPITO_BRANCH,J-003N,IPITO_GSR02,1612.23,1668.83,1704.063,35.233,37.67,10,10
IPITO_BRANCH,J-003N,IPITO_GSR02,1662.23,1669.33,1703.955,34.625,37.17,10,10
IPITO_BRANCH,J-003N,IPITO_GSR02,1712.24,1668.57,1703.847,35.277,37.93,10,10
IPITO_BRANCH,J-003N,IPITO_GSR02,1753.71,1666.22,1703.758,37.538,40.28,10,10
IPITO_BRANCH,J-003N,IPITO_GSR02,1803.72,1665.6,1703.65,38.05,40.9,10,10
IPITO_BRANCH,J-003N,IPITO_GSR02,1853.66,1664.54,1703.543,39.003,41.96,10,10
IPITO_BRANCH,J-003N,IPITO_GSR02,1903.67,1663.7,1703.435,39.735,42.8,10,10
IPITO_BRANCH,J-003N,IPITO_GSR02,1953.73,1661.13,1703.327,42.197,45.37,10,10
IPITO_BRANCH,J-003N,IPITO_GSR02,2003.88,1657.29,1703.219,45.929,49.21,10,10
IPITO_BRANCH,J-003N,IPITO_GSR02,2054.14,1653.07,1703.11,50.04,53.43,10,10
IPITO_BRANCH,J-003N,IPITO_GSR02,2102.01,1650.7,1703.007,52.307,55.8,10,10
IPITO_BRANCH,J-003N,IPITO_GSR02,2146.65,1647.75,1702.911,55.161,58.75,10,10
IPITO_BRANCH,J-003N,IPITO_GSR02,2196.74,1644.78,1702.803,58.023,61.72,10,10
IPITO_BRANCH,J-003N,IPITO_GSR02,2245.55,1641.64,1702.698,61.058,64.86,10,10
IPITO_BRANCH,J-003N,IPITO_GSR02,2284.56,1638.68,1702.614,63.934,67.82,10,10
IPITO_BRANCH,J-003N,IPITO_GSR02,2334.62,1636.4,1702.506,66.106,70.1,10,10
IPITO_BRANCH,J-003N,IPITO_GSR02,2383.84,1631.59,1702.4,70.81,74.91,10,10
IPITO_BRANCH,J-003N,IPITO_GSR02,2434.05,1627.87,1702.292,74.422,78.63,10,16
IPITO_BRANCH,J-003N,IPITO_GSR02,2484.14,1624.84,1702.184,77.344,81.66,10,16
IPITO_BRANCH,J-003N,IPITO_GSR02,2534.24,1621.71,1702.076,80.366,84.79,10,16
IPITO_BRANCH,J-003N,IPITO_GSR02,2584.56,1616.07,1701.967,85.897,90.43,10,16
IPITO_BRANCH,J-003N,IPITO_GSR02,2634.69,1612.35,1701.859,89.509,94.15,10,16
IPITO_BRANCH,J-003N,IPITO_GSR02,2684.95,1607.33,1701.751,94.421,99.17,10,16
IPITO_BRANCH,J-003N,IPITO_GSR02,2734.2,1604.74,1701.645,96.905,101.76,10,16
IPITO_BRANCH,J-003N,IPITO_GSR02,2776.26,1604.16,1701.554,97.394,102.34,16,16
IPITO_BRANCH,J-003N,IPITO_GSR02,2820.55,1603.61,1701.459,97.849,102.89,16,16
IPITO_BRANCH,J-003N,IPITO_GSR02,2870.57,1604.97,1701.351,96.381,101.53,10,16
IPITO_BRANCH,J-003N,IPITO_GSR02,2918.7,1605.32,1701.247,95.927,101.18,10,16
IPITO_BRANCH,J-003N,IPITO_GSR02,2968.7,1605.34,1701.139,95.799,101.16,10,16
IPITO_BRANCH,J-003N,IPITO_GSR02,3018.7,1605.76,1701.032,95.272,100.74,10,16
IPITO_BRANCH,J-003N,IPITO_GSR02,3068.76,1608.15,1700.924,92.774,98.35,10,16
IPITO_BRANCH,J-003N,IPITO_GSR02,3118.24,1608.93,1700.817,91.887,97.57,10,16
IPITO_BRANCH,J-003N,IPITO_GSR02,3168.43,1609.98,1700.709,90.729,96.52,10,16
IPITO_BRANCH,J-003N,IPITO_GSR02,3218.43,1610.25,1700.601,90.351,96.25,10,16
IPITO_BRANCH,J-003N,IPITO_GSR02,3267.65,1606.08,1700.495,94.415,100.42,10,16
IPITO_BRANCH,J-003N,IPITO_GSR02,3317.79,1602.44,1700.387,97.947,104.06,16,16
IPITO_BRANCH,J-003N,IPITO_GSR02,3365.71,1605.73,1700.284,94.554,100.77,10,16
IPITO_BRANCH,J-003N,IPITO_GSR02,3415.85,1609.46,1700.176,90.716,97.04,10,16
IPITO_BRANCH,J-003N,IPITO_GSR02,3466.25,1612.49,1700.067,87.577,94.01,10,16
IPITO_BRANCH,J-003N,IPITO_GSR02,3516.25,1612.39,1699.959,87.569,94.11,10,16
IPITO_BRANCH,J-003N,IPITO_GSR02,3566.25,1612.16,1699.852,87.692,94.34,10,16
IPITO_BRANCH,J-003N,IPITO_GSR02,3613.63,1611.42,1699.75,88.33,95.08,10,16
IPITO_BRANCH,J-003N,IPITO_GSR02,3656.26,1617.61,1699.658,82.048,88.89,10,16
IPITO_BRANCH,J-003N,IPITO_GSR02,3703.37,1623.84,1699.556,75.716,82.66,10,16
IPITO_BRANCH,J-003N,IPITO_GSR02,3742.55,1627.29,1699.472,72.182,79.21,10,16
IPITO_BRANCH,J-003N,IPITO_GSR02,3792.59,1632.94,1699.364,66.424,73.56,10,10
IPITO_BRANCH,J-003N,IPITO_GSR02,3842.83,1635.55,1699.256,63.706,70.95,10,10
IPITO_BRANCH,J-003N,IPITO_GSR02,3879.56,1639.36,1699.176,59.816,67.14,10,10
IPITO_BRANCH,J-003N,IPITO_GSR02,3929.46,1644.25,1699.069,54.819,62.25,10,10
IPITO_BRANCH,J-003N,IPITO_GSR02,3978.69,1650.98,1698.963,47.983,55.52,10,10
IPITO_BRANCH,J-003N,IPITO_GSR02,4024.59,1656.61,1698.864,42.254,49.89,10,10
IPITO_BRANCH,J-003N,IPITO_GSR02,4075.79,1667.61,1698.754,31.144,38.89,10,10
IPITO_BRANCH,J-003N,IPITO_GSR02,4126.78,1675.63,1698.644,23.014,30.87,10,10
IPITO_BRANCH,J-003N,IPITO_GSR02,4169.11,1678.18,1698.552,20.372,28.32,10,10
IPITO_BRANCH,J-003N,IPITO_GSR02,4217.54,1683.42,1698.448,15.028,23.08,10,10
IPITO_BRANCH,J-003N,IPITO_GSR02,4220.82,1683.37,1698.441,15.071,23.13,10,10
UHURU_J004N,UHURU_PARK_GBR,J-004N,0.0,1698.14,1697.6,-0.54,4.16,10,10
UHURU_J004N,UHURU_PARK_GBR,J-004N,97.19,1697.85,1696.956,-0.894,4.45,10,10
UHURU_J004N,UHURU_PARK_GBR,J-004N,139.33,1697.65,1696.677,-0.973,4.65,10,10
UHURU_J004N,UHURU_PARK_GBR,J-004N,159.33,1697.92,1696.545,-1.375,4.38,10,10
UHURU_J004N,UHURU_PARK_GBR,J-004N,179.34,1698.32,1696.412,-1.908,3.98,10,10
UHURU_J004N,UHURU_PARK_GBR,J-004N,252.76,1696.44,1695.926,-0.514,5.86,10,10
UHURU_J004N,UHURU_PARK_GBR,J-004N,367.16,1689.96,1695.169,5.209,12.34,10,10
UHURU_J004N,UHURU_PARK_GBR,J-004N,416.63,1687.09,1694.841,7.751,15.21,10,10
UHURU_J004N,UHURU_PARK_GBR,J-004N,466.72,1684.06,1694.509,10.449,18.24,10,10
UHURU_J004N,UHURU_PARK_GBR,J-004N,516.78,1681.65,1694.178,12.528,20.65,10,10
UHURU_J004N,UHURU_PARK_GBR,J-004N,566.37,1678.51,1693.849,15.339,23.79,10,10
UHURU_J004N,UHURU_PARK_GBR,J-004N,616.45,1675.56,1693.518,17.958,26.74,10,10
UHURU_J004N,UHURU_PARK_GBR,J-004N,666.25,1673.16,1693.188,20.028,29.14,10,10
UHURU_J004N,UHURU_PARK_GBR,J-004N,716.37,1669.72,1692.856,23.136,32.58,10,10
UHURU_J004N,UHURU_PARK_GBR,J-004N,765.46,1667.75,1692.531,24.781,34.55,10,10
UHURU_J004N,UHURU_PARK_GBR,J-004N,815.3,1664.71,1692.201,27.491,37.59,10,10
UHURU_J004N,UHURU_PARK_GBR,J-004N,865.0,1661.88,1691.872,29.992,40.42,10,16
UHURU_J004N,UHURU_PARK_GBR,J-004N,915.09,1658.92,1691.54,32.62,43.38,10,16
UHURU_J004N,UHURU_PARK_GBR,J-004N,964.33,1655.65,1691.214,35.564,46.65,10,16
UHURU_J004N,UHURU_PARK_GBR,J-004N,1014.44,1652.32,1690.882,38.562,49.98,10,16
UHURU_J004N,UHURU_PARK_GBR,J-004N,1064.64,1648.96,1690.55,41.59,53.34,10,16
UHURU_J004N,UHURU_PARK_GBR,J-004N,1114.74,1645.77,1690.218,44.448,56.53,10,16
UHURU_J004N,UHURU_PARK_GBR,J-004N,1165.13,1643.35,1689.884,46.534,58.95,10,16
UHURU_J004N,UHURU_PARK_GBR,J-004N,1215.41,1640.12,1689.552,49.432,62.18,10,16
UHURU_J004N,UHURU_PARK_GBR,J-004N,1265.59,1638.66,1689.219,50.559,63.64,10,16
UHURU_J004N,UHURU_PARK_GBR,J-004N,1315.31,1636.72,1688.89,52.17,65.58,10,16
UHURU_J004N,UHURU_PARK_GBR,J-004N,1365.32,1635.33,1688.559,53.229,66.97,10,16
UHURU_J004N,UHURU_PARK_GBR,J-004N,1415.09,1634.17,1688.229,54.059,68.13,10,16
UHURU_J004N,UHURU_PARK_GBR,J-004N,1464.04,1633.32,1687.905,54.585,68.98,10,16
UHURU_J004N,UHURU_PARK_GBR,J-004N,1514.49,1632.73,1687.571,54.841,69.57,10,16
UHURU_J004N,UHURU_PARK_GBR,J-004N,1563.45,1628.88,1687.247,58.367,73.42,10,16
MAKAMBINI_BRANCH,J-004N,MAKAMBINI_GSR03,0.0,1628.88,1687.247,58.367,73.42,10,16
MAKAMBINI_BRANCH,J-004N,MAKAMBINI_GSR03,494.0,1654.5,1680.718,26.218,47.8,10,16
CHAPWA_BRANCH,J-004N,CHAPWA_GSR04,0.0,1628.88,1687.247,58.367,73.42,10,16
CHAPWA_BRANCH,J-004N,CHAPWA_GSR04,50.01,1627.73,1686.586,58.856,74.57,10,16
CHAPWA_BRANCH,J-004N,CHAPWA_GSR04,99.84,1626.02,1685.927,59.907,76.28,10,16
CHAPWA_BRANCH,J-004N,CHAPWA_GSR04,149.86,1624.83,1685.266,60.436,77.47,10,16
CHAPWA_BRANCH,J-004N,CHAPWA_GSR04,199.89,1624.86,1684.605,59.745,77.44,10,16
CHAPWA_BRANCH,J-004N,CHAPWA_GSR04,250.23,1624.06,1683.94,59.88,78.24,10,16
CHAPWA_BRANCH,J-004N,CHAPWA_GSR04,300.54,1620.48,1683.275,62.795,81.82,10,16
CHAPWA_BRANCH,J-004N,CHAPWA_GSR04,350.54,1618.66,1682.614,63.954,83.64,10,16
CHAPWA_BRANCH,J-004N,CHAPWA_GSR04,400.8,1615.52,1681.95,66.43,86.78,10,16
CHAPWA_BRANCH,J-004N,CHAPWA_GSR04,451.07,1612.41,1681.285,68.875,89.89,10,16
CHAPWA_BRANCH,J-004N,CHAPWA_GSR04,501.19,1608.98,1680.623,71.643,93.32,10,16
CHAPWA_BRANCH,J-004N,CHAPWA_GSR04,550.84,1605.17,1679.967,74.797,97.13,10,16
CHAPWA_BRANCH,J-004N,CHAPWA_GSR04,599.18,1601.44,1679.328,77.888,100.86,10,16
CHAPWA_BRANCH,J-004N,CHAPWA_GSR04,646.43,1598.62,1678.703,80.083,103.68,16,25
CHAPWA_BRANCH,J-004N,CHAPWA_GSR04,696.82,1594.67,1678.037,83.367,107.63,16,25
CHAPWA_BRANCH,J-004N,CHAPWA_GSR04,746.46,1591.26,1677.381,86.121,111.04,16,25
CHAPWA_BRANCH,J-004N,CHAPWA_GSR04,795.94,1589.25,1676.727,87.477,113.05,16,25
CHAPWA_BRANCH,J-004N,CHAPWA_GSR04,845.96,1585.71,1676.066,90.356,116.59,16,25
CHAPWA_BRANCH,J-004N,CHAPWA_GSR04,895.93,1582.83,1675.406,92.576,119.47,16,25
CHAPWA_BRANCH,J-004N,CHAPWA_GSR04,946.0,1580.25,1674.744,94.494,122.05,16,25
CHAPWA_BRANCH,J-004N,CHAPWA_GSR04,994.92,1576.82,1674.097,97.277,125.48,16,25
CHAPWA_BRANCH,J-004N,CHAPWA_GSR04,1044.57,1574.78,1673.441,98.661,127.52,16,25
CHAPWA_BRANCH,J-004N,CHAPWA_GSR04,1093.79,1570.33,1672.791,102.461,131.97,16,25
CHAPWA_BRANCH,J-004N,CHAPWA_GSR04,1143.99,1566.99,1672.127,105.137,135.31,16,25
CHAPWA_BRANCH,J-004N,CHAPWA_GSR04,1193.67,1564.39,1671.471,107.081,137.91,16,25
CHAPWA_BRANCH,J-004N,CHAPWA_GSR04,1243.61,1563.42,1670.811,107.391,138.88,16,25
CHAPWA_BRANCH,J-004N,CHAPWA_GSR04,1293.64,1561.87,1670.149,108.279,140.43,16,25
CHAPWA_BRANCH,J-004N,CHAPWA_GSR04,1343.66,1561.37,1669.488,108.118,140.93,16,25
CHAPWA_BRANCH,J-004N,CHAPWA_GSR04,1393.66,1561.36,1668.827,107.467,140.94,16,25
CHAPWA_BRANCH,J-004N,CHAPWA_GSR04,1443.7,1560.78,1668.166,107.386,141.52,16,25
CHAPWA_BRANCH,J-004N,CHAPWA_GSR04,1493.71,1561.75,1667.505,105.755,140.55,16,25
CHAPWA_BRANCH,J-004N,CHAPWA_GSR04,1542.68,1561.68,1666.858,105.178,140.62,16,25
CHAPWA_BRANCH,J-004N,CHAPWA_GSR04,1593.05,1562.29,1666.192,103.902,140.01,16,25
CHAPWA_BRANCH,J-004N,CHAPWA_GSR04,1643.07,1560.95,1665.531,104.581,141.35,16,25
CHAPWA_BRANCH,J-004N,CHAPWA_GSR04,1693.14,1560.23,1664.869,104.639,142.07,16,25
CHAPWA_BRANCH,J-004N,CHAPWA_GSR04,1743.15,1561.13,1664.208,103.078,141.17,16,25
CHAPWA_BRANCH,J-004N,CHAPWA_GSR04,1792.17,1562.71,1663.56,100.85,139.59,16,25
CHAPWA_BRANCH,J-004N,CHAPWA_GSR04,1841.45,1562.97,1662.909,99.939,139.33,16,25
CHAPWA_BRANCH,J-004N,CHAPWA_GSR04,1891.2,1561.24,1662.252,101.012,141.06,16,25
CHAPWA_BRANCH,J-004N,CHAPWA_GSR04,1941.32,1559.55,1661.589,102.039,142.75,16,25
CHAPWA_BRANCH,J-004N,CHAPWA_GSR04,1991.39,1556.87,1660.927,104.057,145.43,16,25
CHAPWA_BRANCH,J-004N,CHAPWA_GSR04,2041.61,1552.24,1660.264,108.024,150.06,16,25
CHAPWA_BRANCH,J-004N,CHAPWA_GSR04,2090.78,1551.19,1659.614,108.424,151.11,16,25
CHAPWA_BRANCH,J-004N,CHAPWA_GSR04,2139.77,1552.0,1658.966,106.966,150.3,16,25
CHAPWA_BRANCH,J-004N,CHAPWA_GSR04,2189.78,1552.84,1658.305,105.465,149.46,16,25
CHAPWA_BRANCH,J-004N,CHAPWA_GSR04,2240.02,1557.74,1657.641,99.901,144.56,16,25
CHAPWA_BRANCH,J-004N,CHAPWA_GSR04,2290.05,1559.56,1656.98,97.42,142.74,16,25
CHAPWA_BRANCH,J-004N,CHAPWA_GSR04,2340.06,1559.01,1656.319,97.309,143.29,16,25
CHAPWA_BRANCH,J-004N,CHAPWA_GSR04,2389.69,1556.47,1655.663,99.193,145.83,16,25
CHAPWA_BRANCH,J-004N,CHAPWA_GSR04,2439.8,1553.12,1655.001,101.881,149.18,16,25
CHAPWA_BRANCH,J-004N,CHAPWA_GSR04,2489.66,1550.81,1654.342,103.532,151.49,16,25
CHAPWA_BRANCH,J-004N,CHAPWA_GSR04,2538.5,1545.15,1653.696,108.546,157.15,16,25
CHAPWA_BRANCH,J-004N,CHAPWA_GSR04,2586.9,1541.47,1653.057,111.587,160.83,16,25
CHAPWA_BRANCH,J-004N,CHAPWA_GSR04,2637.44,1534.83,1652.389,117.559,167.47,25,25
CHAPWA_BRANCH,J-004N,CHAPWA_GSR04,2687.71,1529.68,1651.724,122.044,172.62,25,25
CHAPWA_BRANCH,J-004N,CHAPWA_GSR04,2737.56,1524.17,1651.066,126.896,178.13,25,25
CHAPWA_BRANCH,J-004N,CHAPWA_GSR04,2781.84,1522.73,1650.48,127.75,179.57,25,25
CHAPWA_BRANCH,J-004N,CHAPWA_GSR04,2790.5,1522.61,1650.366,127.756,179.69,25,25
